INSERT INTO [dbo].[TaiKhoan] (maTaiKhoan, tenTaiKhoan, matKhau, ngayDangNhap, ngayDangXuat, ngaySuaDoi, maNV)
VALUES 
-- 20 Tài khoản Quản lý (QLxxxx)
('TK001', 'QL0001', '1', '2024-01-01', '2024-01-02', '2024-05-10', 'NV001'),
('TK002', 'QL0002', 'ql_pass02', '2024-01-05', '2024-01-06', '2024-05-15', 'NV003'),
('TK003', 'QL0003', 'ql_pass03', '2024-01-10', '2024-01-11', '2024-05-20', 'NV005'),
('TK004', 'QL0004', 'ql_pass04', '2024-01-15', '2024-01-16', '2024-05-25', 'NV007'),
('TK005', 'QL0005', 'ql_pass05', '2024-01-20', '2024-01-21', '2024-05-30', 'NV009'),
('TK006', 'QL0006', 'ql_pass06', '2024-01-25', '2024-01-26', '2024-06-04', 'NV011'),
('TK007', 'QL0007', 'ql_pass07', '2024-02-01', '2024-02-02', '2024-06-09', 'NV013'),
('TK008', 'QL0008', 'ql_pass08', '2024-02-06', '2024-02-07', '2024-06-14', 'NV015'),
('TK009', 'QL0009', 'ql_pass09', '2024-02-11', '2024-02-12', '2024-06-19', 'NV017'),
('TK010', 'QL0010', 'ql_pass10', '2024-02-16', '2024-02-17', '2024-06-24', 'NV019'),
('TK011', 'QL0011', 'ql_pass11', '2024-02-21', '2024-02-22', '2024-06-29', 'NV021'),
('TK012', 'QL0012', 'ql_pass12', '2024-02-26', '2024-02-27', '2024-07-04', 'NV023'),
('TK013', 'QL0013', 'ql_pass13', '2024-03-03', '2024-03-04', '2024-07-09', 'NV025'),
('TK014', 'QL0014', 'ql_pass14', '2024-03-08', '2024-03-09', '2024-07-14', 'NV027'),
('TK015', 'QL0015', 'ql_pass15', '2024-03-13', '2024-03-14', '2024-07-19', 'NV029'),
('TK016', 'QL0016', 'ql_pass16', '2024-03-18', '2024-03-19', '2024-07-24', 'NV031'),
('TK017', 'QL0017', 'ql_pass17', '2024-03-23', '2024-03-24', '2024-07-29', 'NV033'),
('TK018', 'QL0018', 'ql_pass18', '2024-03-28', '2024-03-29', '2024-08-03', 'NV035'),
('TK019', 'QL0019', 'ql_pass19', '2024-04-02', '2024-04-03', '2024-08-08', 'NV037'),
('TK020', 'QL0020', 'ql_pass20', '2024-04-07', '2024-04-08', '2024-08-13', 'NV039'),

-- 30 Tài khoản Nhân viên (NVxxxx)
('TK021', 'NV0021', '1', '2023-10-01', '2023-10-02', '2024-05-05', 'NV002'),
('TK022', 'NV0022', 'nv_pass22', '2023-10-05', '2023-10-06', '2024-05-10', 'NV004'),
('TK023', 'NV0023', 'nv_pass23', '2023-10-10', '2023-10-11', '2024-05-15', 'NV006'),
('TK024', 'NV0024', 'nv_pass24', '2023-10-15', '2023-10-16', '2024-05-20', 'NV008'),
('TK025', 'NV0025', 'nv_pass25', '2023-10-20', '2023-10-21', '2024-05-25', 'NV010'),
('TK026', 'NV0026', 'nv_pass26', '2023-10-25', '2023-10-26', '2024-05-30', 'NV012'),
('TK027', 'NV0027', 'nv_pass27', '2023-11-01', '2023-11-02', '2024-06-04', 'NV014'),
('TK028', 'NV0028', 'nv_pass28', '2023-11-06', '2023-11-07', '2024-06-09', 'NV016'),
('TK029', 'NV0029', 'nv_pass29', '2023-11-11', '2023-11-12', '2024-06-14', 'NV018'),
('TK030', 'NV0030', 'nv_pass30', '2023-11-16', '2023-11-17', '2024-06-19', 'NV020'),
('TK031', 'NV0031', 'nv_pass31', '2023-11-21', '2023-11-22', '2024-06-24', 'NV022'),
('TK032', 'NV0032', 'nv_pass32', '2023-11-26', '2023-11-27', '2024-06-29', 'NV024'),
('TK033', 'NV0033', 'nv_pass33', '2023-12-01', '2023-12-02', '2024-07-04', 'NV026'),
('TK034', 'NV0034', 'nv_pass34', '2023-12-06', '2023-12-07', '2024-07-09', 'NV028'),
('TK035', 'NV0035', 'nv_pass35', '2023-12-11', '2023-12-12', '2024-07-14', 'NV030'),
('TK036', 'NV0036', 'nv_pass36', '2023-12-16', '2023-12-17', '2024-07-19', 'NV032'),
('TK037', 'NV0037', 'nv_pass37', '2023-12-21', '2023-12-22', '2024-07-24', 'NV034'),
('TK038', 'NV0038', 'nv_pass38', '2023-12-26', '2023-12-27', '2024-07-29', 'NV036'),
('TK039', 'NV0039', 'nv_pass39', '2024-01-03', '2024-01-04', '2024-08-03', 'NV038'),
('TK040', 'NV0040', 'nv_pass40', '2024-01-08', '2024-01-09', '2024-08-08', 'NV040'),
('TK041', 'NV0041', 'nv_pass41', '2024-01-13', '2024-01-14', '2024-08-13', 'NV042'),
('TK042', 'NV0042', 'nv_pass42', '2024-01-18', '2024-01-19', '2024-08-18', 'NV044'),
('TK043', 'NV0043', 'nv_pass43', '2024-01-23', '2024-01-24', '2024-08-23', 'NV046'),
('TK044', 'NV0044', 'nv_pass44', '2024-01-28', '2024-01-29', '2024-08-28', 'NV048'),
('TK045', 'NV0045', 'nv_pass45', '2024-02-04', '2024-02-05', '2024-09-02', 'NV050'),
('TK046', 'NV0046', 'nv_pass46', '2024-02-09', '2024-02-10', '2024-09-07', 'NV052'),
('TK047', 'NV0047', 'nv_pass47', '2024-02-14', '2024-02-15', '2024-09-12', 'NV054'),
('TK048', 'NV0048', 'nv_pass48', '2024-02-19', '2024-02-20', '2024-09-17', 'NV056'),
('TK049', 'NV0049', 'nv_pass49', '2024-02-24', '2024-02-25', '2024-09-22', 'NV058'),
('TK050', 'NV0050', 'nv_pass50', '2024-02-29', '2024-03-01', '2024-09-27', 'NV060');

INSERT INTO HangKhachHang (maHang, diemHang, giamGia, moTa, tenHang)
VALUES
('H1', 10, 10, N'Không giảm giá', N'Hạng Đồng'),
('H2', 100, 5, N'Giảm 5%', N'Hạng Bạc'),
('H3', 300, 10, N'Giảm 10%', N'Hạng Vàng'),
('H4', 600, 15, N'Giảm 15%', N'Hạng Kim Cương');

INSERT INTO KhachHang (maKH, tenKH, sdt, email, diaChi, diemTichLuy, maHang)
VALUES
('KH0001', N'Lâm Thành Đạt', '0901000001', 'thanhdatfptshop123@email.com', N'123 Lê Lợi, Quận 1, TP.HCM', 1250, 'H4'),
('KH0002', N'Nguyễn Thị Thu Thảo', '0901000002', 'tn364471@gmail.com', N'45 Nguyễn Huệ, Quận 1, TP.HCM', 980, 'H4'),
('KH0003', N'Nguyễn Gia An', '0901000003', 'nguyengiaan3787@gmail.com', N'67 Lý Thường Kiệt, Quận 10, TP.HCM', 320, 'H3'),
('KH0004', N'Nguyễn Tuấn Anh ', '0901000004', 'gia65275@gmail.com', N'89 Pasteur, Quận 3, TP.HCM', 150, 'H2');

--Chèn dữ liệu cho loaiBan
INSERT INTO [dbo].[LoaiBan] (maLoaiBan, tenLoaiBan, soLuong) VALUES
('LB01', N'Bàn nhỏ', 10),
('LB02', N'Bàn thường', 15),
('LB03', N'Bàn lớn', 20);

-- Thêm dữ liệu cho Ban
INSERT INTO [dbo].[Ban] (maBan, viTri, trangThai, maLoaiBan) VALUES
('B01', N'Khu A', N'Trống', 'LB01'),
('B02', N'Khu A', N'Trống', 'LB01'),
('B03', N'Khu B', N'Trống', 'LB02'),
('B04', N'Khu B', N'Trống', 'LB02'),
('B05', N'Khu C', N'Trống', 'LB03'),
('B06', N'Khu C', N'Trống', 'LB03'),
('B07', N'Khu B', N'Trống', 'LB02'),
('B08', N'Khu A', N'Trống', 'LB01'),
('B09', N'Khu C', N'Trống', 'LB03'),
('B10', N'Khu B', N'Trống', 'LB02');

INSERT INTO Coc (maCoc, loaiCoc, phanTramCoc, soTienCoc) VALUES
    ('C001', 1, 10, 100000),
    ('C002', 0, 20, 200000),
    ('C003', 1, 15, 150000),
    ('C004', 0, 25, 250000),
    ('C005', 1, 5, 50000),
    ('C006', 0, 30, 300000),
    ('C007', 1, 10, 100000),
    ('C008', 0, 20, 200000),
    ('C009', 1, 15, 150000),
    ('C010', 0, 25, 250000);

INSERT INTO KhuyenMai (maKM, tenKM, loaiKM, sanPhamKM, ngayBatDau, ngayKetThuc, phanTramGiamGia)
VALUES
('KM004', N'Ưu đãi VIP tháng 11', N'Ưu đãi cho khách hàng Kim Cương', N'Tất cả', '2025-11-01', '2025-11-30', 20),
('KM005', N'Giảm giá Pizza đặc biệt', N'Khuyến mãi món ăn', N'SP004', '2025-11-05', '2025-11-15', 15),
('KM006', N'Giảm 10% tổng hóa đơn cuối tuần', N'Khuyến mãi trên tổng hóa đơn', N'Tất cả', '2025-11-07', '2025-11-08', 10),
('KM007', N'Ưu đãi VIP cuối tháng', N'Ưu đãi cho khách hàng VIP', N'Tất cả', '2025-11-20', '2025-11-30', 25);

INSERT INTO HoaDon (maHD, ngayLap, tongTien, thue, trangThai, kieuThanhToan, tienNhan, tienThua, maKH, maKM, maNV, maBan, maCoc) VALUES
('HD001', '2025-08-01', 1000000, 100000, 'Đã thanh toán', 'Tiền mặt', 1200000, 200000, 'KH0001', 'KM001', 'NV001', 'B01', 'C001'),
('HD002', '2025-08-02', 1500000, 150000, 'Chưa thanh toán', 'Thẻ tín dụng', 0, 0, 'KH0002', 'KM002', 'NV002', 'B02', 'C002'),
('HD003', '2025-08-03', 2000000, 200000, 'Đã thanh toán', 'Chuyển khoản', 2200000, 200000, 'KH0003', 'KM003', 'NV003', 'B03', 'C003'),
('HD004', '2025-09-01', 1200000, 120000, 'Đã thanh toán', 'Tiền mặt', 1300000, 80000, 'KH0004', 'KM004', 'NV004', 'B04', 'C004');

INSERT INTO MonAn (maMon, tenMon, donGia, maKM, duongDanAnh) VALUES
('M001', N'Bún Quậy', 45000, 'KM001', 'D:\\img\\bunquay.jpg'),
('M002', N'Cút Lộn', 38000, 'KM001', 'D:\\img\\cutlon.jpg'),
('M003', N'Gỏi Cuốn', 150000, 'KM002', 'D:\\img\\goicuon.jpg'),
('M004', N'Cút Lộn', 28000, 'KM003', 'D:\\img\\miquang.jpg');
