-- Chèn dữ liệu vào bảng NhanVien
--select * from NhanVien

INSERT INTO [dbo].[NhanVien] (maNV, tenNV, chucVu, email, namSinh, diaChi, gioiTinh, ngayVaoLam, trangThai)
VALUES 
('NV001', N'Nguyễn Văn A', N'QL', 'nv.a@example.com', '1990-01-01', N'Số 1, Đường A, TP.HCM', 1, '2020-01-01', 1),
('NV002', N'Trần Thị B', N'NV', 'nv.b@example.com', '1992-02-02', N'Số 2, Đường B, Hà Nội', 0, '2021-02-01', 1),
('NV003', N'Lê Văn C', N'QL', 'nv.c@example.com', '1995-03-03', N'Số 3, Đường C, Đà Nẵng', 1, '2019-03-01', 1),
('NV004', N'Phạm Thị D', N'NV', 'nv.d@example.com', '1988-04-04', N'Số 4, Đường D, Cần Thơ', 0, '2022-04-01', 1),
('NV005', N'Hoàng Văn E', N'QL', 'nv.e@example.com', '1991-05-05', N'Số 5, Đường E, Hải Phòng', 1, '2018-05-01', 1),
('NV006', N'Đỗ Thị F', N'NV', 'nv.f@example.com', '1993-06-06', N'Số 6, Đường F, Huế', 0, '2023-06-01', 1),
('NV007', N'Vũ Văn G', N'QL', 'nv.g@example.com', '1994-07-07', N'Số 7, Đường G, Nha Trang', 1, '2017-07-01', 1),
('NV008', N'Bùi Thị H', N'NV', 'nv.h@example.com', '1996-08-08', N'Số 8, Đường H, Biên Hòa', 0, '2020-08-01', 1),
('NV009', N'Đặng Văn I', N'QL', 'nv.i@example.com', '1989-09-09', N'Số 9, Đường I, Vũng Tàu', 1, '2019-09-01', 1),
('NV010', N'Nguyễn Thị K', N'NV', 'nv.k@example.com', '1997-10-10', N'Số 10, Đường K, Bình Dương', 0, '2021-10-01', 1),
('NV011', N'Trần Văn L', N'QL', 'nv.l@example.com', '1990-11-11', N'Số 11, Đường L, Đồng Nai', 1, '2022-11-01', 1),
('NV012', N'Lê Thị M', N'NV', 'nv.m@example.com', '1992-12-12', N'Số 12, Đường M, Long An', 0, '2023-12-01', 1),
('NV013', N'Phạm Văn N', N'QL', 'nv.n@example.com', '1995-01-13', N'Số 13, Đường N, Tiền Giang', 1, '2018-01-15', 1),
('NV014', N'Hoàng Thị O', N'NV', 'nv.o@example.com', '1988-02-14', N'Số 14, Đường O, An Giang', 0, '2019-02-20', 1),
('NV015', N'Đỗ Văn P', N'QL', 'nv.p@example.com', '1991-03-15', N'Số 15, Đường P, Kiên Giang', 1, '2020-03-10', 1),
('NV016', N'Vũ Thị Q', N'NV', 'nv.q@example.com', '1993-04-16', N'Số 16, Đường Q, Khánh Hòa', 0, '2021-04-05', 1),
('NV017', N'Bùi Văn R', N'QL', 'nv.r@example.com', '1994-05-17', N'Số 17, Đường R, Nghệ An', 1, '2022-05-01', 1),
('NV018', N'Đặng Thị S', N'NV', 'nv.s@example.com', '1996-06-18', N'Số 18, Đường S, Thanh Hóa', 0, '2023-06-15', 1),
('NV019', N'Nguyễn Văn T', N'QL', 'nv.t@example.com', '1989-07-19', N'Số 19, Đường T, Quảng Ninh', 1, '2018-07-25', 1),
('NV020', N'Trần Thị U', N'NV', 'nv.u@example.com', '1997-08-20', N'Số 20, Đường U, Quảng Nam', 0, '2019-08-01', 1),
('NV021', N'Lê Văn V', N'QL', 'nv.v@example.com', '1990-09-21', N'Số 21, Đường V, Bình Thuận', 1, '2020-09-10', 1),
('NV022', N'Phạm Thị W', N'NV', 'nv.w@example.com', '1992-10-22', N'Số 22, Đường W, Lâm Đồng', 0, '2021-10-20', 1),
('NV023', N'Hoàng Văn X', N'QL', 'nv.x@example.com', '1995-11-23', N'Số 23, Đường X, Gia Lai', 1, '2022-11-25', 1),
('NV024', N'Đỗ Thị Y', N'NV', 'nv.y@example.com', '1988-12-24', N'Số 24, Đường Y, Đắk Lắk', 0, '2023-12-10', 1),
('NV025', N'Vũ Văn Z', N'QL', 'nv.z@example.com', '1991-01-25', N'Số 25, Đường Z, Kon Tum', 1, '2018-01-30', 1),
('NV026', N'Bùi Thị AA', N'NV', 'nv.aa@example.com', '1993-02-26', N'Số 26, Đường AA, Bình Phước', 0, '2019-02-15', 1),
('NV027', N'Đặng Văn BB', N'QL', 'nv.bb@example.com', '1994-03-27', N'Số 27, Đường BB, Tây Ninh', 1, '2020-03-05', 1),
('NV028', N'Nguyễn Thị CC', N'NV', 'nv.cc@example.com', '1996-04-28', N'Số 28, Đường CC, Bến Tre', 0, '2021-04-12', 1),
('NV029', N'Trần Văn DD', N'QL', 'nv.dd@example.com', '1989-05-29', N'Số 29, Đường DD, Trà Vinh', 1, '2022-05-08', 1),
('NV030', N'Lê Thị EE', N'NV', 'nv.ee@example.com', '1997-06-30', N'Số 30, Đường EE, Sóc Trăng', 0, '2023-06-20', 1),
('NV031', N'Phạm Văn FF', N'QL', 'nv.ff@example.com', '1990-07-01', N'Số 31, Đường FF, Bạc Liêu', 1, '2018-07-01', 1),
('NV032', N'Hoàng Thị GG', N'NV', 'nv.gg@example.com', '1992-08-02', N'Số 32, Đường GG, Cà Mau', 0, '2019-08-05', 1),
('NV033', N'Đỗ Văn HH', N'QL', 'nv.hh@example.com', '1995-09-03', N'Số 33, Đường HH, Vĩnh Long', 1, '2020-09-15', 1),
('NV034', N'Vũ Thị II', N'NV', 'nv.ii@example.com', '1988-10-04', N'Số 34, Đường II, Hậu Giang', 0, '2021-10-25', 1),
('NV035', N'Bùi Văn JJ', N'QL', 'nv.jj@example.com', '1991-11-05', N'Số 35, Đường JJ, Đồng Tháp', 1, '2022-11-30', 1),
('NV036', N'Đặng Thị KK', N'NV', 'nv.kk@example.com', '1993-12-06', N'Số 36, Đường KK, Vĩnh Phúc', 0, '2023-12-12', 1),
('NV037', N'Nguyễn Văn LL', N'QL', 'nv.ll@example.com', '1994-01-07', N'Số 37, Đường LL, Bắc Ninh', 1, '2018-01-22', 1),
('NV038', N'Trần Thị MM', N'NV', 'nv.mm@example.com', '1996-02-08', N'Số 38, Đường MM, Bắc Giang', 0, '2019-02-08', 1),
('NV039', N'Lê Văn NN', N'QL', 'nv.nn@example.com', '1989-03-09', N'Số 39, Đường NN, Thái Nguyên', 1, '2020-03-18', 1),
('NV040', N'Phạm Thị OO', N'NV', 'nv.oo@example.com', '1997-04-10', N'Số 40, Đường OO, Phú Thọ', 0, '2021-04-28', 1),
('NV041', N'Hoàng Văn PP', N'QL', 'nv.pp@example.com', '1990-05-11', N'Số 41, Đường PP, Lạng Sơn', 1, '2022-05-15', 1),
('NV042', N'Đỗ Thị QQ', N'NV', 'nv.qq@example.com', '1992-06-12', N'Số 42, Đường QQ, Cao Bằng', 0, '2023-06-05', 1),
('NV043', N'Vũ Văn RR', N'QL', 'nv.rr@example.com', '1995-07-13', N'Số 43, Đường RR, Hà Giang', 1, '2018-07-10', 1),
('NV044', N'Bùi Thị SS', N'NV', 'nv.ss@example.com', '1988-08-14', N'Số 44, Đường SS, Tuyên Quang', 0, '2019-08-20', 1),
('NV045', N'Đặng Văn TT', N'QL', 'nv.tt@example.com', '1991-09-15', N'Số 45, Đường TT, Lào Cai', 1, '2020-09-01', 1),
('NV046', N'Nguyễn Thị UU', N'NV', 'nv.uu@example.com', '1993-10-16', N'Số 46, Đường UU, Yên Bái', 0, '2021-10-10', 1),
('NV047', N'Trần Văn VV', N'QL', 'nv.vv@example.com', '1994-11-17', N'Số 47, Đường VV, Sơn La', 1, '2022-11-20', 1),
('NV048', N'Lê Thị WW', N'NV', 'nv.ww@example.com', '1996-12-18', N'Số 48, Đường WW, Lai Châu', 0, '2023-12-08', 1),
('NV049', N'Phạm Văn XX', N'QL', 'nv.xx@example.com', '1989-01-19', N'Số 49, Đường XX, Điện Biên', 1, '2018-01-28', 1),
('NV050', N'Hoàng Thị YY', N'NV', 'nv.yy@example.com', '1997-02-20', N'Số 50, Đường YY, Hòa Bình', 0, '2019-02-28', 1),
('NV051', N'Đỗ Văn ZZ', N'QL', 'nv.zz@example.com', '1990-03-21', N'Số 51, Đường ZZ, Hà Nam', 1, '2020-03-22', 1),
('NV052', N'Vũ Thị AAA', N'NV', 'nv.aaa@example.com', '1992-04-22', N'Số 52, Đường AAA, Nam Định', 0, '2021-04-18', 1),
('NV053', N'Bùi Văn BBB', N'QL', 'nv.bbb@example.com', '1995-05-23', N'Số 53, Đường BBB, Ninh Bình', 1, '2022-05-10', 1),
('NV054', N'Đặng Thị CCC', N'NV', 'nv.ccc@example.com', '1988-06-24', N'Số 54, Đường CCC, Thái Bình', 0, '2023-06-01', 1),
('NV055', N'Nguyễn Văn DDD', N'QL', 'nv.ddd@example.com', '1991-07-25', N'Số 55, Đường DDD, Hà Tĩnh', 1, '2018-07-05', 1),
('NV056', N'Trần Thị EEE', N'NV', 'nv.eee@example.com', '1993-08-26', N'Số 56, Đường EEE, Quảng Bình', 0, '2019-08-15', 1),
('NV057', N'Lê Văn FFF', N'QL', 'nv.fff@example.com', '1994-09-27', N'Số 57, Đường FFF, Quảng Trị', 1, '2020-09-25', 1),
('NV058', N'Phạm Thị GGG', N'NV', 'nv.ggg@example.com', '1996-10-28', N'Số 58, Đường GGG, Thừa Thiên Huế', 0, '2021-10-05', 1),
('NV059', N'Hoàng Văn HHH', N'QL', 'nv.hhh@example.com', '1989-11-29', N'Số 59, Đường HHH, Quảng Ngãi', 1, '2022-11-18', 1),
('NV060', N'Đỗ Thị III', N'NV', 'nv.iii@example.com', '1997-12-30', N'Số 60, Đường III, Bình Định', 0, '2023-12-25', 1),
('NV061', N'Vũ Văn JJJ', N'QL', 'nv.jjj@example.com', '1990-01-05', N'Số 61, Đường JJJ, Phú Yên', 1, '2018-01-10', 1),
('NV062', N'Bùi Thị KKK', N'NV', 'nv.kkk@example.com', '1992-02-10', N'Số 62, Đường KKK, Đắk Nông', 0, '2019-02-05', 1),
('NV063', N'Đặng Văn LLL', N'QL', 'nv.lll@example.com', '1995-03-15', N'Số 63, Đường LLL, Kon Tum', 1, '2020-03-08', 1),
('NV064', N'Nguyễn Thị MMM', N'NV', 'nv.mmm@example.com', '1988-04-20', N'Số 64, Đường MMM, Gia Lai', 0, '2021-04-15', 1),
('NV065', N'Trần Văn NNN', N'QL', 'nv.nnn@example.com', '1991-05-25', N'Số 65, Đường NNN, Bình Phước', 1, '2022-05-20', 1),
('NV066', N'Lê Thị OOO', N'NV', 'nv.ooo@example.com', '1993-06-01', N'Số 66, Đường OOO, Tây Ninh', 0, '2023-06-10', 1),
('NV067', N'Phạm Văn PPP', N'QL', 'nv.ppp@example.com', '1994-07-06', N'Số 67, Đường PPP, Bà Rịa - Vũng Tàu', 1, '2018-07-15', 1),
('NV068', N'Hoàng Thị QQQ', N'NV', 'nv.qqq@example.com', '1996-08-11', N'Số 68, Đường QQQ, Long An', 0, '2019-08-25', 1),
('NV069', N'Đỗ Văn RRR', N'QL', 'nv.rrr@example.com', '1989-09-16', N'Số 69, Đường RRR, Tiền Giang', 1, '2020-09-05', 1),
('NV070', N'Vũ Thị SSS', N'NV', 'nv.sss@example.com', '1997-10-21', N'Số 70, Đường SSS, Đồng Tháp', 0, '2021-10-14', 1),
('NV071', N'Bùi Văn TTT', N'QL', 'nv.ttt@example.com', '1990-11-26', N'Số 71, Đường TTT, Vĩnh Long', 1, '2022-11-01', 1),
('NV072', N'Đặng Thị UUU', N'NV', 'nv.uuu@example.com', '1992-12-31', N'Số 72, Đường UUU, An Giang', 0, '2023-12-05', 1),
('NV073', N'Nguyễn Văn VVV', N'QL', 'nv.vvv@example.com', '1995-01-10', N'Số 73, Đường VVV, Kiên Giang', 1, '2018-01-01', 1),
('NV074', N'Trần Thị WWW', N'NV', 'nv.www@example.com', '1988-02-15', N'Số 74, Đường WWW, Cần Thơ', 0, '2019-02-18', 1),
('NV075', N'Lê Văn XXX', N'QL', 'nv.xxx@example.com', '1991-03-20', N'Số 75, Đường XXX, Hậu Giang', 1, '2020-03-28', 1),
('NV076', N'Phạm Thị YYY', N'NV', 'nv.yyy@example.com', '1993-04-25', N'Số 76, Đường YYY, Sóc Trăng', 0, '2021-04-04', 1),
('NV077', N'Hoàng Văn ZZZ', N'QL', 'nv.zzz@example.com', '1994-05-30', N'Số 77, Đường ZZZ, Bạc Liêu', 1, '2022-05-16', 1),
('NV078', N'Đỗ Thị AAAA', N'NV', 'nv.aaaa@example.com', '1996-06-04', N'Số 78, Đường AAAA, Cà Mau', 0, '2023-06-22', 1),
('NV079', N'Vũ Văn BBBB', N'QL', 'nv.bbbb@example.com', '1989-07-09', N'Số 79, Đường BBBB, Bình Dương', 1, '2018-07-28', 1),
('NV080', N'Bùi Thị CCCC', N'NV', 'nv.cccc@example.com', '1997-08-14', N'Số 80, Đường CCCC, Đồng Nai', 0, '2019-08-08', 1),
('NV081', N'Đặng Văn DDDD', N'QL', 'nv.dddd@example.com', '1990-09-19', N'Số 81, Đường DDDD, Bình Thuận', 1, '2020-09-09', 1),
('NV082', N'Nguyễn Thị EEEE', N'NV', 'nv.eeee@example.com', '1992-10-24', N'Số 82, Đường EEEE, Lâm Đồng', 0, '2021-10-22', 1),
('NV083', N'Trần Văn FFFF', N'QL', 'nv.ffff@example.com', '1995-11-29', N'Số 83, Đường FFFF, Đắk Lắk', 1, '2022-11-03', 1),
('NV084', N'Lê Thị GGGG', N'NV', 'nv.gggg@example.com', '1988-12-04', N'Số 84, Đường GGGG, Nha Trang', 0, '2023-12-19', 1),
('NV085', N'Phạm Văn HHHH', N'QL', 'nv.hhhh@example.com', '1991-01-09', N'Số 85, Đường HHHH, Đà Nẵng', 1, '2018-01-08', 1),
('NV086', N'Hoàng Thị IIII', N'NV', 'nv.iiii@example.com', '1993-02-14', N'Số 86, Đường IIII, Huế', 0, '2019-02-22', 1),
('NV087', N'Đỗ Văn JJJJ', N'QL', 'nv.jjjj@example.com', '1994-03-19', N'Số 87, Đường JJJJ, Hải Phòng', 1, '2020-03-12', 1),
('NV088', N'Vũ Thị KKKK', N'NV', 'nv.kkkk@example.com', '1996-04-24', N'Số 88, Đường KKKK, Hà Nội', 0, '2021-04-09', 1),
('NV089', N'Bùi Văn LLLL', N'QL', 'nv.llll@example.com', '1989-05-29', N'Số 89, Đường LLLL, TP.HCM', 1, '2022-05-25', 1),
('NV090', N'Đặng Thị MMMM', N'NV', 'nv.mmmm@example.com', '1997-06-03', N'Số 90, Đường MMMM, Bà Rịa - Vũng Tàu', 0, '2023-06-17', 1),
('NV091', N'Nguyễn Văn NNNN', N'QL', 'nv.nnnn@example.com', '1990-07-08', N'Số 91, Đường NNNN, Biên Hòa', 1, '2018-07-03', 1),
('NV092', N'Trần Thị OOOO', N'NV', 'nv.oooo@example.com', '1992-08-13', N'Số 92, Đường OOOO, Vĩnh Phúc', 0, '2019-08-11', 1),
('NV093', N'Lê Văn PPPP', N'QL', 'nv.pppp@example.com', '1995-09-18', N'Số 93, Đường PPPP, Bắc Ninh', 1, '2020-09-21', 1),
('NV094', N'Phạm Thị QQQQ', N'NV', 'nv.qqqq@example.com', '1988-10-23', N'Số 94, Đường QQQQ, Bắc Giang', 0, '2021-10-02', 1),
('NV095', N'Hoàng Văn RRRR', N'QL', 'nv.rrrr@example.com', '1991-11-28', N'Số 95, Đường RRRR, Thái Nguyên', 1, '2022-11-14', 1),
('NV096', N'Đỗ Thị SSSS', N'NV', 'nv.ssss@example.com', '1993-12-03', N'Số 96, Đường SSSS, Phú Thọ', 0, '2023-12-28', 1),
('NV097', N'Vũ Văn TTTT', N'QL', 'nv.tttt@example.com', '1994-01-08', N'Số 97, Đường TTTT, Lạng Sơn', 1, '2018-01-03', 1),
('NV098', N'Bùi Thị UUUU', N'NV', 'nv.uuuu@example.com', '1996-02-13', N'Số 98, Đường UUUU, Cao Bằng', 0, '2019-02-12', 1),
('NV099', N'Đặng Văn VVVV', N'QL', 'nv.vvvv@example.com', '1989-03-18', N'Số 99, Đường VVVV, Hà Giang', 1, '2020-03-02', 1),
('NV100', N'Nguyễn Thị WWWW', N'NV', 'nv.wwww@example.com', '1997-04-23', N'Số 100, Đường WWWW, Tuyên Quang', 0, '2021-04-11', 1);
-- Chèn dữ liệu vào bảng TaiKhoan
-- Chèn dữ liệu vào bảng TaiKhoan (50 bản ghi)

--select * from TaiKhoan

INSERT INTO [dbo].[TaiKhoan] (maTaiKhoan, tenTaiKhoan, matKhau, ngayDangNhap, ngayDangXuat, ngaySuaDoi, maNV)
VALUES 
-- 20 Tài khoản Quản lý (QLxxxx)
('TK001', 'QL0001', '1', '2024-01-01', '2024-01-02', '2024-05-10', 'NV001'),
('TK002', 'QL0002', 'ql_pass02', '2024-01-05', '2024-01-06', '2024-05-15', 'NV003'),
('TK003', 'QL0003', 'ql_pass03', '2024-01-10', '2024-01-11', '2024-05-20', 'NV005'),
('TK004', 'QL0004', 'ql_pass04', '2024-01-15', '2024-01-16', '2024-05-25', 'NV007'),
('TK005', 'QL0005', 'ql_pass05', '2024-01-20', '2024-01-21', '2024-05-30', 'NV009'),
('TK006', 'QL0006', 'ql_pass06', '2024-01-25', '2024-01-26', '2024-06-04', 'NV011'),
('TK007', 'QL0007', 'ql_pass07', '2024-02-01', '2024-02-02', '2024-06-09', 'NV013'),
('TK008', 'QL0008', 'ql_pass08', '2024-02-06', '2024-02-07', '2024-06-14', 'NV015'),
('TK009', 'QL0009', 'ql_pass09', '2024-02-11', '2024-02-12', '2024-06-19', 'NV017'),
('TK010', 'QL0010', 'ql_pass10', '2024-02-16', '2024-02-17', '2024-06-24', 'NV019'),
('TK011', 'QL0011', 'ql_pass11', '2024-02-21', '2024-02-22', '2024-06-29', 'NV021'),
('TK012', 'QL0012', 'ql_pass12', '2024-02-26', '2024-02-27', '2024-07-04', 'NV023'),
('TK013', 'QL0013', 'ql_pass13', '2024-03-03', '2024-03-04', '2024-07-09', 'NV025'),
('TK014', 'QL0014', 'ql_pass14', '2024-03-08', '2024-03-09', '2024-07-14', 'NV027'),
('TK015', 'QL0015', 'ql_pass15', '2024-03-13', '2024-03-14', '2024-07-19', 'NV029'),
('TK016', 'QL0016', 'ql_pass16', '2024-03-18', '2024-03-19', '2024-07-24', 'NV031'),
('TK017', 'QL0017', 'ql_pass17', '2024-03-23', '2024-03-24', '2024-07-29', 'NV033'),
('TK018', 'QL0018', 'ql_pass18', '2024-03-28', '2024-03-29', '2024-08-03', 'NV035'),
('TK019', 'QL0019', 'ql_pass19', '2024-04-02', '2024-04-03', '2024-08-08', 'NV037'),
('TK020', 'QL0020', 'ql_pass20', '2024-04-07', '2024-04-08', '2024-08-13', 'NV039'),

-- 30 Tài khoản Nhân viên (NVxxxx)
('TK021', 'NV0021', '1', '2023-10-01', '2023-10-02', '2024-05-05', 'NV002'),
('TK022', 'NV0022', 'nv_pass22', '2023-10-05', '2023-10-06', '2024-05-10', 'NV004'),
('TK023', 'NV0023', 'nv_pass23', '2023-10-10', '2023-10-11', '2024-05-15', 'NV006'),
('TK024', 'NV0024', 'nv_pass24', '2023-10-15', '2023-10-16', '2024-05-20', 'NV008'),
('TK025', 'NV0025', 'nv_pass25', '2023-10-20', '2023-10-21', '2024-05-25', 'NV010'),
('TK026', 'NV0026', 'nv_pass26', '2023-10-25', '2023-10-26', '2024-05-30', 'NV012'),
('TK027', 'NV0027', 'nv_pass27', '2023-11-01', '2023-11-02', '2024-06-04', 'NV014'),
('TK028', 'NV0028', 'nv_pass28', '2023-11-06', '2023-11-07', '2024-06-09', 'NV016'),
('TK029', 'NV0029', 'nv_pass29', '2023-11-11', '2023-11-12', '2024-06-14', 'NV018'),
('TK030', 'NV0030', 'nv_pass30', '2023-11-16', '2023-11-17', '2024-06-19', 'NV020'),
('TK031', 'NV0031', 'nv_pass31', '2023-11-21', '2023-11-22', '2024-06-24', 'NV022'),
('TK032', 'NV0032', 'nv_pass32', '2023-11-26', '2023-11-27', '2024-06-29', 'NV024'),
('TK033', 'NV0033', 'nv_pass33', '2023-12-01', '2023-12-02', '2024-07-04', 'NV026'),
('TK034', 'NV0034', 'nv_pass34', '2023-12-06', '2023-12-07', '2024-07-09', 'NV028'),
('TK035', 'NV0035', 'nv_pass35', '2023-12-11', '2023-12-12', '2024-07-14', 'NV030'),
('TK036', 'NV0036', 'nv_pass36', '2023-12-16', '2023-12-17', '2024-07-19', 'NV032'),
('TK037', 'NV0037', 'nv_pass37', '2023-12-21', '2023-12-22', '2024-07-24', 'NV034'),
('TK038', 'NV0038', 'nv_pass38', '2023-12-26', '2023-12-27', '2024-07-29', 'NV036'),
('TK039', 'NV0039', 'nv_pass39', '2024-01-03', '2024-01-04', '2024-08-03', 'NV038'),
('TK040', 'NV0040', 'nv_pass40', '2024-01-08', '2024-01-09', '2024-08-08', 'NV040'),
('TK041', 'NV0041', 'nv_pass41', '2024-01-13', '2024-01-14', '2024-08-13', 'NV042'),
('TK042', 'NV0042', 'nv_pass42', '2024-01-18', '2024-01-19', '2024-08-18', 'NV044'),
('TK043', 'NV0043', 'nv_pass43', '2024-01-23', '2024-01-24', '2024-08-23', 'NV046'),
('TK044', 'NV0044', 'nv_pass44', '2024-01-28', '2024-01-29', '2024-08-28', 'NV048'),
('TK045', 'NV0045', 'nv_pass45', '2024-02-04', '2024-02-05', '2024-09-02', 'NV050'),
('TK046', 'NV0046', 'nv_pass46', '2024-02-09', '2024-02-10', '2024-09-07', 'NV052'),
('TK047', 'NV0047', 'nv_pass47', '2024-02-14', '2024-02-15', '2024-09-12', 'NV054'),
('TK048', 'NV0048', 'nv_pass48', '2024-02-19', '2024-02-20', '2024-09-17', 'NV056'),
('TK049', 'NV0049', 'nv_pass49', '2024-02-24', '2024-02-25', '2024-09-22', 'NV058'),
('TK050', 'NV0050', 'nv_pass50', '2024-02-29', '2024-03-01', '2024-09-27', 'NV060');

--Chèn dữ liệu vào bảng HangKhachHang
--select * from HangKhachHang

INSERT INTO HangKhachHang (maHang, diemHang, giamGia, moTa, tenHang)
VALUES
('H1', 10, 10, N'Không giảm giá', N'Hạng Đồng'),
('H2', 100, 5, N'Giảm 5%', N'Hạng Bạc'),
('H3', 300, 10, N'Giảm 10%', N'Hạng Vàng'),
('H4', 600, 15, N'Giảm 15%', N'Hạng Vàng');
-- Chèn dữ liệu vào bảng HangKhachHang
-- Chèn dữ liệu vào bảng KhachHang (200 bản ghi) với maKH là KHxxxx

--UPDATE KhachHang
--SET maHang =
--    CASE 
--        WHEN diemTichLuy < 100 THEN 'H1'        -- Hạng Thường
--        WHEN diemTichLuy < 300 THEN 'H2'        -- Hạng Bạc
--        WHEN diemTichLuy < 600 THEN 'H3'        -- Hạng Vàng
--        ELSE 'H4'                               -- Hạng Kim Cương
--    END;

--select * from KhachHang

INSERT INTO KhachHang (maKH, tenKH, sdt, email, diaChi, diemTichLuy, maHang)
VALUES
('KH0001', N'Nguyễn Văn A', '0901000001', 'kh0001@email.com', N'123 Lê Lợi, Quận 1, TP.HCM', 1250, 'H4'),
('KH0002', N'Trần Thị B', '0901000002', 'kh0002@email.com', N'45 Nguyễn Huệ, Quận 1, TP.HCM', 980, 'H4'),
('KH0003', N'Lê Văn C', '0901000003', 'kh0003@email.com', N'67 Lý Thường Kiệt, Quận 10, TP.HCM', 320, 'H3'),
('KH0004', N'Phạm Thị D', '0901000004', 'kh0004@email.com', N'89 Pasteur, Quận 3, TP.HCM', 150, 'H2'),
('KH0005', N'Võ Văn E', '0901000005', 'kh0005@email.com', N'12 Hai Bà Trưng, Quận 1, TP.HCM', 50, 'H1'),
('KH0006', N'Nguyễn Thị F', '0901000006', 'kh0006@email.com', N'99 Nguyễn Trãi, Quận 5, TP.HCM', 0, 'H1'),
('KH0007', N'Trần Văn G', '0901000007', 'kh0007@email.com', N'34 Điện Biên Phủ, Quận Bình Thạnh, TP.HCM', 450, 'H3'),
('KH0008', N'Lê Thị H', '0901000008', 'kh0008@email.com', N'56 Cách Mạng Tháng 8, Quận 10, TP.HCM', 950, 'H4'),
('KH0009', N'Phạm Văn I', '0901000009', 'kh0009@email.com', N'23 Võ Văn Ngân, TP.Thủ Đức, TP.HCM', 1700, 'H4'),
('KH0010', N'Đỗ Thị J', '0901000010', 'kh0010@email.com', N'78 Lê Văn Sỹ, Quận 3, TP.HCM', 275, 'H2'),
('KH0011', N'Hoàng Văn K', '0901000011', 'kh0011@email.com', N'90 Tô Hiến Thành, Quận 10, TP.HCM', 640, 'H4'),
('KH0012', N'Nguyễn Thị L', '0901000012', 'kh0012@email.com', N'22 Nguyễn Oanh, Quận Gò Vấp, TP.HCM', 1100, 'H4'),
('KH0013', N'Phan Văn M', '0901000013', 'kh0013@email.com', N'10 Lũy Bán Bích, Quận Tân Phú, TP.HCM', 300, 'H3'),
('KH0014', N'Trần Thị N', '0901000014', 'kh0014@email.com', N'11 Nguyễn Thị Minh Khai, Quận 1, TP.HCM', 200, 'H2'),
('KH0015', N'Lê Văn O', '0901000015', 'kh0015@email.com', N'13 Đinh Tiên Hoàng, Quận Bình Thạnh, TP.HCM', 50, 'H1'),
('KH0016', N'Phạm Thị P', '0901000016', 'kh0016@email.com', N'100 Nguyễn Văn Cừ, Quận 5, TP.HCM', 700, 'H4'),
('KH0017', N'Võ Văn Q', '0901000017', 'kh0017@email.com', N'45 Lê Văn Việt, TP.Thủ Đức, TP.HCM', 1320, 'H4'),
('KH0018', N'Nguyễn Thị R', '0901000018', 'kh0018@email.com', N'78 Võ Thị Sáu, Quận 3, TP.HCM', 480, 'H3'),
('KH0019', N'Trần Văn S', '0901000019', 'kh0019@email.com', N'56 Nguyễn Tri Phương, Quận 10, TP.HCM', 1550, 'H4'),
('KH0020', N'Lê Thị T', '0901000020', 'kh0020@email.com', N'90 Trường Chinh, Quận Tân Bình, TP.HCM', 90, 'H1'),
('KH0021', N'Phạm Văn U', '0901000021', 'kh0021@email.com', N'32 Lạc Long Quân, Quận 11, TP.HCM', 650, 'H4'),
('KH0022', N'Đỗ Thị V', '0901000022', 'kh0022@email.com', N'44 Hoàng Văn Thụ, Quận Phú Nhuận, TP.HCM', 310, 'H3'),
('KH0023', N'Nguyễn Văn W', '0901000023', 'kh0023@email.com', N'12 Bùi Viện, Quận 1, TP.HCM', 10, 'H1'),
('KH0024', N'Trần Thị X', '0901000024', 'kh0024@email.com', N'77 Nguyễn Đình Chiểu, Quận 3, TP.HCM', 500, 'H3'),
('KH0025', N'Lê Văn Y', '0901000025', 'kh0025@email.com', N'88 Huỳnh Tấn Phát, Quận 7, TP.HCM', 1240, 'H4'),
('KH0026', N'Phạm Thị Z', '0901000026', 'kh0026@email.com', N'33 Nguyễn Kiệm, Quận Gò Vấp, TP.HCM', 350, 'H3'),
('KH0027', N'Võ Văn AA', '0901000027', 'kh0027@email.com', N'22 Âu Cơ, Quận Tân Bình, TP.HCM', 1750, 'H4'),
('KH0028', N'Nguyễn Thị AB', '0901000028', 'kh0028@email.com', N'11 Nguyễn Hữu Cảnh, Quận Bình Thạnh, TP.HCM', 430, 'H3'),
('KH0029', N'Trần Văn AC', '0901000029', 'kh0029@email.com', N'09 Phan Xích Long, Quận Phú Nhuận, TP.HCM', 900, 'H4'),
('KH0030', N'Lê Thị AD', '0901000030', 'kh0030@email.com', N'45 Nguyễn Văn Linh, Quận 7, TP.HCM', 600, 'H4'),
('KH0031', N'Phạm Văn AE', '0901000031', 'kh0031@email.com', N'12 Nguyễn Ảnh Thủ, Quận 12, TP.HCM', 115, 'H2'),
('KH0032', N'Đỗ Thị AF', '0901000032', 'kh0032@email.com', N'98 Quang Trung, Quận Gò Vấp, TP.HCM', 370, 'H3'),
('KH0033', N'Nguyễn Văn AG', '0901000033', 'kh0033@email.com', N'05 Nguyễn Văn Cừ, Quận 5, TP.HCM', 740, 'H4'),
('KH0034', N'Trần Thị AH', '0901000034', 'kh0034@email.com', N'89 Tôn Đức Thắng, Quận 1, TP.HCM', 1800, 'H4'),
('KH0035', N'Lê Văn AI', '0901000035', 'kh0035@email.com', N'65 Nguyễn Văn Lượng, Quận Gò Vấp, TP.HCM', 560, 'H3'),
('KH0036', N'Phạm Thị AJ', '0901000036', 'kh0036@email.com', N'77 Nguyễn Ảnh Thủ, Quận 12, TP.HCM', 990, 'H4'),
('KH0037', N'Võ Văn AK', '0901000037', 'kh0037@email.com', N'21 Nguyễn Thị Thập, Quận 7, TP.HCM', 1500, 'H4'),
('KH0038', N'Nguyễn Thị AL', '0901000038', 'kh0038@email.com', N'88 Lê Văn Sỹ, Quận 3, TP.HCM', 40, 'H1'),
('KH0039', N'Trần Văn AM', '0901000039', 'kh0039@email.com', N'92 Nguyễn Trãi, Quận 5, TP.HCM', 620, 'H4'),
('KH0040', N'Lê Thị AN', '0901000040', 'kh0040@email.com', N'48 Nguyễn Oanh, Quận Gò Vấp, TP.HCM', 1340, 'H4'),
('KH0041', N'Phạm Văn AO', '0901000041', 'kh0041@email.com', N'11 Lê Văn Duyệt, Quận Bình Thạnh, TP.HCM', 250, 'H2'),
('KH0042', N'Đỗ Thị AP', '0901000042', 'kh0042@email.com', N'90 Nguyễn Tri Phương, Quận 10, TP.HCM', 780, 'H4'),
('KH0043', N'Nguyễn Văn AQ', '0901000043', 'kh0043@email.com', N'120 Lê Hồng Phong, Quận 5, TP.HCM', 30, 'H1'),
('KH0044', N'Trần Thị AR', '0901000044', 'kh0044@email.com', N'55 Cống Quỳnh, Quận 1, TP.HCM', 400, 'H3'),
('KH0045', N'Lê Văn AS', '0901000045', 'kh0045@email.com', N'77 Nguyễn Văn Lượng, Quận Gò Vấp, TP.HCM', 650, 'H4'),
('KH0046', N'Phạm Thị AT', '0901000046', 'kh0046@email.com', N'34 Âu Dương Lân, Quận 8, TP.HCM', 80, 'H1'),
('KH0047', N'Võ Văn AU', '0901000047', 'kh0047@email.com', N'88 Nguyễn Thị Minh Khai, Quận 1, TP.HCM', 1190, 'H4'),
('KH0048', N'Nguyễn Thị AV', '0901000048', 'kh0048@email.com', N'23 Nguyễn Cư Trinh, Quận 1, TP.HCM', 340, 'H3'),
('KH0049', N'Trần Văn AW', '0901000049', 'kh0049@email.com', N'67 Lý Thái Tổ, Quận 10, TP.HCM', 170, 'H2'),
('KH0050', N'Lê Thị AX', '0901000050', 'kh0050@email.com', N'54 Hoàng Sa, Quận 3, TP.HCM', 1450, 'H4'),
('KH0051', N'Phạm Văn AY', '0901000051', 'kh0051@email.com', N'11 Cách Mạng Tháng 8, Quận 1, TP.HCM', 560, 'H3'),
('KH0052', N'Đỗ Thị AZ', '0901000052', 'kh0052@email.com', N'22 Nguyễn Hữu Cảnh, Quận Bình Thạnh, TP.HCM', 710, 'H4'),
('KH0053', N'Nguyễn Văn BA', '0901000053', 'kh0053@email.com', N'33 Trường Sa, Quận 3, TP.HCM', 115, 'H2'),
('KH0054', N'Trần Thị BB', '0901000054', 'kh0054@email.com', N'44 Hoàng Hoa Thám, Quận Tân Bình, TP.HCM', 440, 'H3'),
('KH0055', N'Lê Văn BC', '0901000055', 'kh0055@email.com', N'55 Nguyễn Hữu Thọ, Quận 7, TP.HCM', 870, 'H4'),
('KH0056', N'Phạm Thị BD', '0901000056', 'kh0056@email.com', N'66 Nguyễn Văn Cừ, Quận 5, TP.HCM', 1900, 'H4'),
('KH0057', N'Võ Văn BE', '0901000057', 'kh0057@email.com', N'77 Nguyễn Oanh, Quận Gò Vấp, TP.HCM', 270, 'H2'),
('KH0058', N'Nguyễn Thị BF', '0901000058', 'kh0058@email.com', N'88 Tô Hiến Thành, Quận 10, TP.HCM', 350, 'H3'),
('KH0059', N'Trần Văn BG', '0901000059', 'kh0059@email.com', N'99 Lê Văn Sỹ, Quận 3, TP.HCM', 950, 'H4'),
('KH0060', N'Lê Thị BH', '0901000060', 'kh0060@email.com', N'11 Nguyễn Văn Linh, Quận 7, TP.HCM', 180, 'H2'),
('KH0061', N'Phạm Văn BI', '0901000061', 'kh0061@email.com', N'22 Nguyễn Ảnh Thủ, Quận 12, TP.HCM', 80, 'H1'),
('KH0062', N'Đỗ Thị BJ', '0901000062', 'kh0062@email.com', N'33 Quang Trung, Quận Gò Vấp, TP.HCM', 520, 'H3'),
('KH0063', N'Nguyễn Văn BK', '0901000063', 'kh0063@email.com', N'44 Nguyễn Trãi, Quận 5, TP.HCM', 620, 'H4'),
('KH0064', N'Trần Thị BL', '0901000064', 'kh0064@email.com', N'55 Tôn Đức Thắng, Quận 1, TP.HCM', 1800, 'H4'),
('KH0065', N'Lê Văn BM', '0901000065', 'kh0065@email.com', N'66 Nguyễn Văn Lượng, Quận Gò Vấp, TP.HCM', 560, 'H3'),
('KH0066', N'Phạm Thị BN', '0901000066', 'kh0066@email.com', N'77 Nguyễn Ảnh Thủ, Quận 12, TP.HCM', 990, 'H4'),
('KH0067', N'Võ Văn BO', '0901000067', 'kh0067@email.com', N'21 Nguyễn Thị Thập, Quận 7, TP.HCM', 1500, 'H4'),
('KH0068', N'Nguyễn Thị BP', '0901000068', 'kh0068@email.com', N'88 Lê Văn Sỹ, Quận 3, TP.HCM', 40, 'H1'),
('KH0069', N'Trần Văn BQ', '0901000069', 'kh0069@email.com', N'92 Nguyễn Trãi, Quận 5, TP.HCM', 620, 'H4'),
('KH0070', N'Lê Thị BR', '0901000070', 'kh0070@email.com', N'48 Nguyễn Oanh, Quận Gò Vấp, TP.HCM', 1340, 'H4'),
('KH0071', N'Phạm Văn BS', '0901000071', 'kh0071@email.com', N'12 Phạm Văn Đồng, Quận Bình Thạnh, TP.HCM', 85, 'H1'),
('KH0072', N'Đỗ Thị BT', '0901000072', 'kh0072@email.com', N'33 Nguyễn Kiệm, Quận Gò Vấp, TP.HCM', 250, 'H2'),
('KH0073', N'Nguyễn Văn BU', '0901000073', 'kh0073@email.com', N'45 Nguyễn Văn Bứa, Hóc Môn, TP.HCM', 420, 'H3'),
('KH0074', N'Trần Thị BV', '0901000074', 'kh0074@email.com', N'56 Trần Hưng Đạo, Quận 1, TP.HCM', 1200, 'H4'),
('KH0075', N'Lê Văn BW', '0901000075', 'kh0075@email.com', N'90 Nguyễn Đình Chiểu, Quận 3, TP.HCM', 160, 'H2'),
('KH0076', N'Phạm Thị BX', '0901000076', 'kh0076@email.com', N'12 Lê Hồng Phong, Quận 5, TP.HCM', 0, 'H1'),
('KH0077', N'Võ Văn BY', '0901000077', 'kh0077@email.com', N'34 Nguyễn Thị Thập, Quận 7, TP.HCM', 500, 'H3'),
('KH0078', N'Nguyễn Thị BZ', '0901000078', 'kh0078@email.com', N'23 Nguyễn Văn Linh, Quận 7, TP.HCM', 760, 'H4'),
('KH0079', N'Trần Văn CA', '0901000079', 'kh0079@email.com', N'88 Phan Xích Long, Quận Phú Nhuận, TP.HCM', 420, 'H3'),
('KH0080', N'Lê Thị CB', '0901000080', 'kh0080@email.com', N'99 Điện Biên Phủ, Quận 3, TP.HCM', 1320, 'H4'),
('KH0081', N'Phạm Văn CC', '0901000081', 'kh0081@email.com', N'100 Lê Văn Việt, TP.Thủ Đức, TP.HCM', 190, 'H2'),
('KH0082', N'Đỗ Thị CD', '0901000082', 'kh0082@email.com', N'120 Võ Văn Ngân, TP.Thủ Đức, TP.HCM', 980, 'H4'),
('KH0083', N'Nguyễn Văn CE', '0901000083', 'kh0083@email.com', N'55 Nguyễn Thị Minh Khai, Quận 1, TP.HCM', 400, 'H3'),
('KH0084', N'Trần Thị CF', '0901000084', 'kh0084@email.com', N'23 Cống Quỳnh, Quận 1, TP.HCM', 80, 'H1'),
('KH0085', N'Lê Văn CG', '0901000085', 'kh0085@email.com', N'67 Lý Thường Kiệt, Quận 10, TP.HCM', 1120, 'H4'),
('KH0086', N'Phạm Thị CH', '0901000086', 'kh0086@email.com', N'34 Nguyễn Văn Cừ, Quận 5, TP.HCM', 640, 'H4'),
('KH0087', N'Võ Văn CI', '0901000087', 'kh0087@email.com', N'89 Pasteur, Quận 3, TP.HCM', 320, 'H3'),
('KH0088', N'Nguyễn Thị CJ', '0901000088', 'kh0088@email.com', N'12 Hai Bà Trưng, Quận 1, TP.HCM', 150, 'H2'),
('KH0089', N'Trần Văn CK', '0901000089', 'kh0089@email.com', N'56 Cách Mạng Tháng 8, Quận 10, TP.HCM', 950, 'H4'),
('KH0090', N'Lê Thị CL', '0901000090', 'kh0090@email.com', N'23 Võ Văn Ngân, TP.Thủ Đức, TP.HCM', 1700, 'H4'),
('KH0091', N'Phạm Văn CM', '0901000091', 'kh0091@email.com', N'78 Lê Văn Sỹ, Quận 3, TP.HCM', 275, 'H2'),
('KH0092', N'Đỗ Thị CN', '0901000092', 'kh0092@email.com', N'90 Tô Hiến Thành, Quận 10, TP.HCM', 640, 'H4'),
('KH0093', N'Nguyễn Văn CO', '0901000093', 'kh0093@email.com', N'22 Nguyễn Oanh, Quận Gò Vấp, TP.HCM', 1100, 'H4'),
('KH0094', N'Trần Thị CP', '0901000094', 'kh0094@email.com', N'10 Lũy Bán Bích, Quận Tân Phú, TP.HCM', 300, 'H3'),
('KH0095', N'Lê Văn CQ', '0901000095', 'kh0095@email.com', N'11 Nguyễn Thị Minh Khai, Quận 1, TP.HCM', 200, 'H2'),
('KH0096', N'Phạm Thị CR', '0901000096', 'kh0096@email.com', N'13 Đinh Tiên Hoàng, Quận Bình Thạnh, TP.HCM', 50, 'H1'),
('KH0097', N'Võ Văn CS', '0901000097', 'kh0097@email.com', N'100 Nguyễn Văn Cừ, Quận 5, TP.HCM', 700, 'H4'),
('KH0098', N'Nguyễn Thị CT', '0901000098', 'kh0098@email.com', N'45 Lê Văn Việt, TP.Thủ Đức, TP.HCM', 1320, 'H4'),
('KH0099', N'Trần Văn CU', '0901000099', 'kh0099@email.com', N'78 Võ Thị Sáu, Quận 3, TP.HCM', 480, 'H3'),
('KH0100', N'Lê Thị CV', '0901000100', 'kh0100@email.com', N'56 Nguyễn Tri Phương, Quận 10, TP.HCM', 1550, 'H4'),
('KH0101', N'Phạm Văn CW', '0901000101', 'kh0101@email.com', N'32 Lạc Long Quân, Quận 11, TP.HCM', 650, 'H4'),
('KH0102', N'Đỗ Thị CX', '0901000102', 'kh0102@email.com', N'44 Hoàng Văn Thụ, Quận Phú Nhuận, TP.HCM', 310, 'H3'),
('KH0103', N'Nguyễn Văn CY', '0901000103', 'kh0103@email.com', N'12 Bùi Viện, Quận 1, TP.HCM', 10, 'H1'),
('KH0104', N'Trần Thị CZ', '0901000104', 'kh0104@email.com', N'77 Nguyễn Đình Chiểu, Quận 3, TP.HCM', 500, 'H3'),
('KH0105', N'Lê Văn DA', '0901000105', 'kh0105@email.com', N'88 Huỳnh Tấn Phát, Quận 7, TP.HCM', 1240, 'H4'),
('KH0106', N'Phạm Thị DB', '0901000106', 'kh0106@email.com', N'33 Nguyễn Kiệm, Quận Gò Vấp, TP.HCM', 350, 'H3'),
('KH0107', N'Võ Văn DC', '0901000107', 'kh0107@email.com', N'22 Âu Cơ, Quận Tân Bình, TP.HCM', 1750, 'H4'),
('KH0108', N'Nguyễn Thị DD', '0901000108', 'kh0108@email.com', N'11 Nguyễn Hữu Cảnh, Quận Bình Thạnh, TP.HCM', 430, 'H3'),
('KH0109', N'Trần Văn DE', '0901000109', 'kh0109@email.com', N'09 Phan Xích Long, Quận Phú Nhuận, TP.HCM', 900, 'H4'),
('KH0110', N'Lê Thị DF', '0901000110', 'kh0110@email.com', N'45 Nguyễn Văn Linh, Quận 7, TP.HCM', 600, 'H4'),
('KH0111', N'Phạm Văn DG', '0901000111', 'kh0111@email.com', N'12 Nguyễn Ảnh Thủ, Quận 12, TP.HCM', 115, 'H2'),
('KH0112', N'Đỗ Thị DH', '0901000112', 'kh0112@email.com', N'98 Quang Trung, Quận Gò Vấp, TP.HCM', 370, 'H3'),
('KH0113', N'Nguyễn Văn DI', '0901000113', 'kh0113@email.com', N'05 Nguyễn Văn Cừ, Quận 5, TP.HCM', 740, 'H4'),
('KH0114', N'Trần Thị DJ', '0901000114', 'kh0114@email.com', N'89 Tôn Đức Thắng, Quận 1, TP.HCM', 1800, 'H4'),
('KH0115', N'Lê Văn DK', '0901000115', 'kh0115@email.com', N'65 Nguyễn Văn Lượng, Quận Gò Vấp, TP.HCM', 560, 'H3'),
('KH0116', N'Phạm Thị DL', '0901000116', 'kh0116@email.com', N'77 Nguyễn Ảnh Thủ, Quận 12, TP.HCM', 990, 'H4'),
('KH0117', N'Võ Văn DM', '0901000117', 'kh0117@email.com', N'21 Nguyễn Thị Thập, Quận 7, TP.HCM', 1500, 'H4'),
('KH0118', N'Nguyễn Thị DN', '0901000118', 'kh0118@email.com', N'88 Lê Văn Sỹ, Quận 3, TP.HCM', 40, 'H1'),
('KH0119', N'Trần Văn DO', '0901000119', 'kh0119@email.com', N'92 Nguyễn Trãi, Quận 5, TP.HCM', 620, 'H4'),
('KH0120', N'Lê Thị DP', '0901000120', 'kh0120@email.com', N'48 Nguyễn Oanh, Quận Gò Vấp, TP.HCM', 1340, 'H4'),
('KH0121', N'Phạm Văn DQ', '0901000121', 'kh0121@email.com', N'12 Phạm Văn Đồng, Quận Bình Thạnh, TP.HCM', 85, 'H1'),
('KH0122', N'Đỗ Thị DR', '0901000122', 'kh0122@email.com', N'33 Nguyễn Kiệm, Quận Gò Vấp, TP.HCM', 250, 'H2'),
('KH0123', N'Nguyễn Văn DS', '0901000123', 'kh0123@email.com', N'45 Nguyễn Văn Bứa, Hóc Môn, TP.HCM', 420, 'H3'),
('KH0124', N'Trần Thị DT', '0901000124', 'kh0124@email.com', N'56 Trần Hưng Đạo, Quận 1, TP.HCM', 1200, 'H4'),
('KH0125', N'Lê Văn DU', '0901000125', 'kh0125@email.com', N'90 Nguyễn Đình Chiểu, Quận 3, TP.HCM', 160, 'H2'),
('KH0126', N'Phạm Thị DV', '0901000126', 'kh0126@email.com', N'12 Lê Hồng Phong, Quận 5, TP.HCM', 0, 'H1'),
('KH0127', N'Võ Văn DW', '0901000127', 'kh0127@email.com', N'34 Nguyễn Thị Thập, Quận 7, TP.HCM', 500, 'H3'),
('KH0128', N'Nguyễn Thị DX', '0901000128', 'kh0128@email.com', N'23 Nguyễn Văn Linh, Quận 7, TP.HCM', 760, 'H4'),
('KH0129', N'Trần Văn DY', '0901000129', 'kh0129@email.com', N'88 Phan Xích Long, Quận Phú Nhuận, TP.HCM', 420, 'H3'),
('KH0130', N'Lê Thị DZ', '0901000130', 'kh0130@email.com', N'99 Điện Biên Phủ, Quận 3, TP.HCM', 1320, 'H4'),
('KH0131', N'Phạm Văn EA', '0901000131', 'kh0131@email.com', N'100 Lê Văn Việt, TP.Thủ Đức, TP.HCM', 190, 'H2'),
('KH0132', N'Đỗ Thị EB', '0901000132', 'kh0132@email.com', N'120 Võ Văn Ngân, TP.Thủ Đức, TP.HCM', 980, 'H4'),
('KH0133', N'Nguyễn Văn EC', '0901000133', 'kh0133@email.com', N'55 Nguyễn Thị Minh Khai, Quận 1, TP.HCM', 400, 'H3'),
('KH0134', N'Trần Thị ED', '0901000134', 'kh0134@email.com', N'23 Cống Quỳnh, Quận 1, TP.HCM', 80, 'H1'),
('KH0135', N'Lê Văn EE', '0901000135', 'kh0135@email.com', N'67 Lý Thường Kiệt, Quận 10, TP.HCM', 1120, 'H4'),
('KH0136', N'Phạm Thị EF', '0901000136', 'kh0136@email.com', N'34 Nguyễn Văn Cừ, Quận 5, TP.HCM', 640, 'H4'),
('KH0137', N'Võ Văn EG', '0901000137', 'kh0137@email.com', N'89 Pasteur, Quận 3, TP.HCM', 320, 'H3'),
('KH0138', N'Nguyễn Thị EH', '0901000138', 'kh0138@email.com', N'12 Hai Bà Trưng, Quận 1, TP.HCM', 150, 'H2'),
('KH0139', N'Trần Văn EI', '0901000139', 'kh0139@email.com', N'56 Cách Mạng Tháng 8, Quận 10, TP.HCM', 950, 'H4'),
('KH0140', N'Lê Thị EJ', '0901000140', 'kh0140@email.com', N'23 Võ Văn Ngân, TP.Thủ Đức, TP.HCM', 1700, 'H4'),
('KH0141', N'Phạm Văn EK', '0901000141', 'kh0141@email.com', N'78 Lê Văn Sỹ, Quận 3, TP.HCM', 275, 'H2'),
('KH0142', N'Đỗ Thị EL', '0901000142', 'kh0142@email.com', N'90 Tô Hiến Thành, Quận 10, TP.HCM', 640, 'H4'),
('KH0143', N'Nguyễn Văn EM', '0901000143', 'kh0143@email.com', N'22 Nguyễn Oanh, Quận Gò Vấp, TP.HCM', 1100, 'H4'),
('KH0144', N'Trần Thị EN', '0901000144', 'kh0144@email.com', N'10 Lũy Bán Bích, Quận Tân Phú, TP.HCM', 300, 'H3'),
('KH0145', N'Lê Văn EO', '0901000145', 'kh0145@email.com', N'11 Nguyễn Thị Minh Khai, Quận 1, TP.HCM', 200, 'H2'),
('KH0146', N'Phạm Thị EP', '0901000146', 'kh0146@email.com', N'13 Đinh Tiên Hoàng, Quận Bình Thạnh, TP.HCM', 50, 'H1'),
('KH0147', N'Võ Văn EQ', '0901000147', 'kh0147@email.com', N'100 Nguyễn Văn Cừ, Quận 5, TP.HCM', 700, 'H4'),
('KH0148', N'Nguyễn Thị ER', '0901000148', 'kh0148@email.com', N'45 Lê Văn Việt, TP.Thủ Đức, TP.HCM', 1320, 'H4'),
('KH0149', N'Trần Văn ES', '0901000149', 'kh0149@email.com', N'78 Võ Thị Sáu, Quận 3, TP.HCM', 480, 'H3'),
('KH0150', N'Lê Thị ET', '0901000150', 'kh0150@email.com', N'56 Nguyễn Tri Phương, Quận 10, TP.HCM', 1550, 'H4'),
('KH0151', N'Phạm Văn EU', '0901000151', 'kh0151@email.com', N'23 Lê Lợi, Quận 1, TP.HCM', 340, 'H3'),
('KH0152', N'Đỗ Thị EV', '0901000152', 'kh0152@email.com', N'90 Nguyễn Huệ, Quận 1, TP.HCM', 80, 'H1'),
('KH0153', N'Nguyễn Văn EW', '0901000153', 'kh0153@email.com', N'77 Lý Thường Kiệt, Quận 10, TP.HCM', 640, 'H4'),
('KH0154', N'Trần Thị EX', '0901000154', 'kh0154@email.com', N'56 Võ Văn Ngân, TP.Thủ Đức, TP.HCM', 190, 'H2'),
('KH0155', N'Lê Văn EY', '0901000155', 'kh0155@email.com', N'78 Nguyễn Văn Linh, Quận 7, TP.HCM', 870, 'H4'),
('KH0156', N'Phạm Thị EZ', '0901000156', 'kh0156@email.com', N'45 Nguyễn Ảnh Thủ, Quận 12, TP.HCM', 320, 'H3'),
('KH0157', N'Võ Văn FA', '0901000157', 'kh0157@email.com', N'11 Nguyễn Thị Thập, Quận 7, TP.HCM', 1450, 'H4'),
('KH0158', N'Nguyễn Thị FB', '0901000158', 'kh0158@email.com', N'34 Nguyễn Kiệm, Quận Gò Vấp, TP.HCM', 220, 'H2'),
('KH0159', N'Trần Văn FC', '0901000159', 'kh0159@email.com', N'09 Trường Sa, Quận 3, TP.HCM', 50, 'H1'),
('KH0160', N'Lê Thị FD', '0901000160', 'kh0160@email.com', N'78 Nguyễn Đình Chiểu, Quận 3, TP.HCM', 1100, 'H4'),
('KH0161', N'Phạm Văn FE', '0901000161', 'kh0161@email.com', N'12 Hoàng Sa, Quận 3, TP.HCM', 350, 'H3'),
('KH0162', N'Đỗ Thị FF', '0901000162', 'kh0162@email.com', N'33 Nguyễn Hữu Cảnh, Quận Bình Thạnh, TP.HCM', 700, 'H4'),
('KH0163', N'Nguyễn Văn FG', '0901000163', 'kh0163@email.com', N'44 Nguyễn Trãi, Quận 5, TP.HCM', 80, 'H1'),
('KH0164', N'Trần Thị FH', '0901000164', 'kh0164@email.com', N'55 Cống Quỳnh, Quận 1, TP.HCM', 240, 'H2'),
('KH0165', N'Lê Văn FI', '0901000165', 'kh0165@email.com', N'66 Nguyễn Văn Linh, Quận 7, TP.HCM', 600, 'H4'),
('KH0166', N'Phạm Thị FJ', '0901000166', 'kh0166@email.com', N'77 Võ Văn Ngân, TP.Thủ Đức, TP.HCM', 110, 'H2'),
('KH0167', N'Võ Văn FK', '0901000167', 'kh0167@email.com', N'88 Lê Văn Việt, TP.Thủ Đức, TP.HCM', 450, 'H3'),
('KH0168', N'Nguyễn Thị FL', '0901000168', 'kh0168@email.com', N'23 Nguyễn Huệ, Quận 1, TP.HCM', 990, 'H4'),
('KH0169', N'Trần Văn FM', '0901000169', 'kh0169@email.com', N'90 Nguyễn Văn Bứa, Hóc Môn, TP.HCM', 180, 'H2'),
('KH0170', N'Lê Thị FN', '0901000170', 'kh0170@email.com', N'100 Võ Thị Sáu, Quận 3, TP.HCM', 1300, 'H4'),
('KH0171', N'Phạm Văn FO', '0901000171', 'kh0171@email.com', N'45 Nguyễn Văn Lượng, Quận Gò Vấp, TP.HCM', 50, 'H1'),
('KH0172', N'Đỗ Thị FP', '0901000172', 'kh0172@email.com', N'22 Nguyễn Oanh, Quận Gò Vấp, TP.HCM', 320, 'H3'),
('KH0173', N'Nguyễn Văn FQ', '0901000173', 'kh0173@email.com', N'78 Nguyễn Thị Minh Khai, Quận 1, TP.HCM', 1550, 'H4'),
('KH0174', N'Trần Thị FR', '0901000174', 'kh0174@email.com', N'33 Nguyễn Văn Linh, Quận 7, TP.HCM', 270, 'H2'),
('KH0175', N'Lê Văn FS', '0901000175', 'kh0175@email.com', N'88 Lý Thường Kiệt, Quận 10, TP.HCM', 700, 'H4'),
('KH0176', N'Phạm Thị FT', '0901000176', 'kh0176@email.com', N'34 Tôn Đức Thắng, Quận 1, TP.HCM', 150, 'H2'),
('KH0177', N'Võ Văn FU', '0901000177', 'kh0177@email.com', N'45 Nguyễn Văn Cừ, Quận 5, TP.HCM', 640, 'H4'),
('KH0178', N'Nguyễn Thị FV', '0901000178', 'kh0178@email.com', N'23 Nguyễn Thị Thập, Quận 7, TP.HCM', 480, 'H3');

--Chèn dữ liệu cho loaiBan
INSERT INTO [dbo].[LoaiBan] (maLoaiBan, tenLoaiBan, soLuong) VALUES
('LB01', N'Bàn nhỏ', 10),
('LB02', N'Bàn thường', 15),
('LB03', N'Bàn lớn', 20);

-- Thêm dữ liệu cho Ban
	INSERT INTO [dbo].[Ban] (maBan, viTri, trangThai, maLoaiBan) VALUES
	('B01', N'Khu A', N'Trống', 'LB01'),
	('B02', N'Khu A', N'Đã được đặt', 'LB01'),
	('B03', N'Khu B', N'Trống', 'LB02'),
	('B04', N'Khu B', N'Đang phục vụ', 'LB02'),
	('B05', N'Khu C', N'Trống', 'LB03'),
	('B06', N'Khu C', N'Đã được đặt', 'LB03'),
	('B07', N'Khu B', N'Trống', 'LB02'),
	('B08', N'Khu A', N'Trống', 'LB01'),
	('B09', N'Khu C', N'Đang phục vụ', 'LB03'),
	('B10', N'Khu B', N'Đã được đặt', 'LB02');

-- Thêm dữ liệu cho KhuyenMai
INSERT INTO KhuyenMai (maKM, tenKM, loaiKM, sanPhamKM, ngayBatDau, ngayKetThuc, phanTramGiamGia)
VALUES
('KM001', N'Ưu đãi VIP tháng 11', N'Ưu đãi cho khách hàng VIP', N'Tất cả', '2025-11-01', '2025-11-30', 20),
('KM002', N'Giảm giá Pizza đặc biệt', N'Khuyến mãi món ăn', N'SP004', '2025-11-05', '2025-11-15', 15),
('KM003', N'Giảm 10% tổng hóa đơn cuối tuần', N'Khuyến mãi trên tổng hóa đơn', N'Tất cả', '2025-11-07', '2025-11-08', 10),
('KM004', N'Ưu đãi VIP cuối tháng', N'Ưu đãi cho khách hàng VIP', N'Tất cả', '2025-11-20', '2025-11-30', 25),
('KM005', N'Giảm giá Mỳ Ý', N'Khuyến mãi món ăn', N'SP010', '2025-11-10', '2025-11-20', 12),
('KM006', N'Giảm 5% tổng hóa đơn', N'Khuyến mãi trên tổng hóa đơn', N'Tất cả', '2025-11-15', '2025-11-17', 5),
('KM007', N'Ưu đãi VIP đầu tháng', N'Ưu đãi cho khách hàng VIP', N'Tất cả', '2025-11-01', '2025-11-07', 15),
('KM008', N'Giảm giá Burger đặc biệt', N'Khuyến mãi món ăn', N'SP007', '2025-11-12', '2025-11-22', 20),
('KM009', N'Giảm 8% tổng hóa đơn thứ 6', N'Khuyến mãi trên tổng hóa đơn', N'Tất cả', '2025-11-14', '2025-11-14', 8),
('KM010', N'Ưu đãi VIP cuối tuần', N'Ưu đãi cho khách hàng VIP', N'Tất cả', '2025-11-21', '2025-11-23', 18),
('KM011', N'Giảm giá Salad', N'Khuyến mãi món ăn', N'SP015', '2025-11-05', '2025-11-12', 10),
('KM012', N'Giảm 15% tổng hóa đơn cuối tháng', N'Khuyến mãi trên tổng hóa đơn', N'Tất cả', '2025-11-25', '2025-11-30', 15);

SELECT * FROM DonDatBan WHERE maKH = 'KH0001'