INSERT INTO [dbo].[NhanVien]
(maNV, tenNV, chucVu, email, namSinh, diaChi, gioiTinh, ngayVaoLam, trangThai)
VALUES
('NV001', N'Nguyễn Minh Tuấn', N'QL', 'nguyentuananh20052005@gmail.com@gmail.com', '1989-03-12', N'25 Nguyễn Trãi, Quận 1, TP.HCM', 1, '2018-06-01', 1),
('NV002', N'Trần Thị Thu Hà', N'NV', 'nguyengiaan3787@gmail.com', '1993-07-22', N'102 Lê Lợi, Quận Hải Châu, Đà Nẵng', 0, '2020-09-15', 1),
('NV003', N'Lê Quốc Huy', N'NV', 'lequochuy@gmail.com', '1995-01-18', N'88 Phan Đình Phùng, TP. Huế', 1, '2021-03-10', 1),
('NV004', N'Phạm Ngọc Anh', N'NV', 'phamngocanh@gmail.com', '1987-11-05', N'15 Trần Hưng Đạo, Quận Hoàn Kiếm, Hà Nội', 0, '2017-02-01', 1),
('NV005', N'Vũ Hoàng Long', N'NV', 'vuhoanglong@gmail.com', '1996-05-09', N'67 Võ Văn Tần, Quận 3, TP.HCM', 1, '2022-01-12', 1),

('NV006', N'Bùi Thị Thanh Nga', N'NV', 'buithanhnga@gmail.com', '1994-09-30', N'120 Nguyễn Văn Cừ, TP. Bắc Ninh', 0, '2021-06-20', 1),
('NV007', N'Đặng Hữu Phúc', N'QL', 'danghuuphuc@gmail.com', '1988-12-14', N'9 Lý Thường Kiệt, TP. Nha Trang', 1, '2016-10-01', 1),
('NV008', N'Nguyễn Thị Kim Oanh', N'NV', 'kim.oanh.nguyen@gmail.com', '1997-04-02', N'56 Hùng Vương, TP. Quảng Ngãi', 0, '2023-04-05', 1),
('NV009', N'Trần Văn Khải', N'NV', 'tranvankhai@gmail.com', '1992-08-19', N'210 Trường Chinh, TP. Buôn Ma Thuột', 1, '2020-11-11', 1),
('NV010', N'Lê Thị Mai Phương', N'NV', 'lemaiphuong@gmail.com', '1990-06-25', N'33 Nguyễn Huệ, TP. Vũng Tàu', 0, '2018-08-08', 1),

('NV011', N'Phan Đức Thành', N'NV', 'phanducthanh@gmail.com', '1995-02-14', N'77 Trần Phú, TP. Hà Tĩnh', 1, '2021-09-01', 1),
('NV012', N'Nguyễn Thị Bích Ngọc', N'NV', 'bichngoc.nguyen@gmail.com', '1998-10-10', N'90 Nguyễn Du, TP. Pleiku', 0, '2023-02-18', 1),
('NV013', N'Trương Minh Quân', N'QL', 'truongminhquan@gmail.com', '1986-01-07', N'12 Pasteur, Quận 3, TP.HCM', 1, '2015-05-20', 1),
('NV014', N'Đỗ Thị Hồng Vân', N'NV', 'dothihongvan@gmail.com', '1994-12-03', N'145 Phạm Văn Đồng, TP. Quảng Trị', 0, '2020-07-14', 1),
('NV015', N'Ngô Anh Dũng', N'NV', 'ngoanhdung@gmail.com', '1993-03-27', N'18 Lê Duẩn, TP. Đông Hà', 1, '2019-04-01', 1),

('NV016', N'Nguyễn Văn Hoàng', N'QL', 'nguyenvanhoang@gmail.com', '1989-09-09', N'200 Nguyễn Văn Linh, Quận 7, TP.HCM', 1, '2017-01-15', 1),
('NV017', N'Phạm Thị Thu Uyên', N'NV', 'thuuuyen.pham@gmail.com', '1996-06-06', N'44 Hai Bà Trưng, TP. Long Xuyên', 0, '2022-10-10', 1),
('NV018', N'Lý Quốc Bảo', N'NV', 'lyquocbao@gmail.com', '1997-11-21', N'88 Trần Quốc Toản, TP. Đà Lạt', 1, '2023-01-05', 1),
('NV019', N'Hoàng Thị Lan Anh', N'NV', 'lananh.hoang@gmail.com', '1988-02-17', N'60 Nguyễn Thái Học, TP. Hội An', 0, '2016-09-09', 1),
('NV020', N'Tạ Minh Trí', N'NV', 'taminhtri@gmail.com', '1995-04-30', N'39 Lê Hồng Phong, TP. Phan Rang', 1, '2021-12-01', 1),

('NV021', N'Nguyễn Thị Thảo My', N'NV', 'thaomy.nguyen@gmail.com', '1999-07-07', N'22 Nguyễn Đình Chiểu, TP. Mỹ Tho', 0, '2023-06-01', 1),
('NV022', N'Phạm Quốc Thắng', N'QL', 'phamquocthang@gmail.com', '1987-05-15', N'101 Trần Phú, TP. Lạng Sơn', 1, '2015-03-12', 1),
('NV023', N'Võ Thị Như Ý', N'NV', 'vothinhuy@gmail.com', '1996-08-28', N'75 Nguyễn Văn Linh, TP. Tuy Hòa', 0, '2022-04-18', 1),
('NV024', N'Đinh Văn Cường', N'NV', 'dinhvancuong@gmail.com', '1994-01-11', N'134 Phan Chu Trinh, TP. Tam Kỳ', 1, '2020-10-22', 1),
('NV025', N'Lê Thị Ánh Tuyết', N'QL', 'anh.tuyet.le@gmail.com', '1990-12-19', N'55 Nguyễn Công Trứ, TP. Quy Nhơn', 0, '2018-07-07', 1),

('NV026', N'Nguyễn Hữu Nghĩa', N'NV', 'huunghia.nguyen@gmail.com', '1997-03-03', N'19 Trần Cao Vân, TP. Kon Tum', 1, '2022-11-30', 1),
('NV027', N'Phạm Thị Diễm Hương', N'NV', 'diemhuong.pham@gmail.com', '1995-09-14', N'68 Nguyễn Tất Thành, TP. Gia Nghĩa', 0, '2021-08-16', 1),
('NV028', N'Trần Nhật Quang', N'QL', 'trannhatquang@gmail.com', '1986-04-04', N'9 Trường Sơn, Quận Tân Bình, TP.HCM', 1, '2014-12-01', 1),
('NV029', N'Nguyễn Thị Yến Nhi', N'NV', 'yennhi.nguyen@gmail.com', '1998-05-25', N'140 Nguyễn Văn Thoại, TP. Đà Nẵng', 0, '2023-03-20', 1),
('NV030', N'Bùi Công Danh', N'NV', 'buicongdanh@gmail.com', '1993-10-08', N'85 Lê Hồng Phong, TP. Bạc Liêu', 1, '2019-09-09', 1),

('NV031', N'Nguyễn Minh Khải', N'NV', 'minhkhaingo@gmail.com', '1990-05-15', N'33 Phan Chu Trinh, TP. Hải Phòng', 1, '2018-03-25', 1),
('NV032', N'Trần Văn Trung', N'QL', 'tranvantrung@gmail.com', '1985-11-20', N'45 Nguyễn Huệ, TP. Hà Giang', 0, '2016-09-15', 1),
('NV033', N'Lê Thị Ngọc Bích', N'NV', 'ngocbich.le@gmail.com', '1992-01-08', N'78 Đường Phố, TP. Quảng Bình', 1, '2020-06-30', 1),
('NV034', N'Phạm Văn An', N'NV', 'phaman@gmail.com', '1988-04-25', N'120 Lê Lợi, TP. Nghệ An', 0, '2017-03-12', 1),
('NV035', N'Vũ Thị Hồng', N'QL', 'vuhong@gmail.com', '1995-07-15', N'90 Trần Hưng Đạo, TP. Kiên Giang', 1, '2022-01-20', 1),

('NV036', N'Đặng Minh Tuân', N'NV', 'dangminhtuan@gmail.com', '1994-12-10', N'56 Đường số 1, TP. Hạ Long', 0, '2021-02-18', 1),
('NV037', N'Trần Thị Thi', N'NV', 'tranthithi@gmail.com', '1998-09-19', N'88 Quốc lộ 1A, TP. Mỹ Tho', 1, '2023-01-10', 1),
('NV038', N'Nguyễn Văn Bình', N'NV', 'nguyenvanbinh@gmail.com', '1983-10-30', N'45 Đào Duy Từ, TP. Đà Nẵng', 0, '2015-05-05', 1),
('NV039', N'Lê Thị Bảo Ngọc', N'NV', 'baongoc.le@gmail.com', '1991-03-10', N'12 Hoàng Diệu, TP. Ninh Thuận', 1, '2020-11-28', 1),
('NV040', N'Ngô Văn Quang', N'QL', 'ngovanquang@gmail.com', '1989-08-02', N'72 Trần Phú, TP. Khánh Hòa', 0, '2018-10-03', 1),

('NV041', N'Phan Thị Hiền', N'NV', 'thanhiendep@gmail.com', '1994-07-21', N'25 Đường số 33, TP. Quảng Ninh', 1, '2021-03-30', 1),
('NV042', N'Trần Quốc Duy', N'NV', 'tranquocduy@gmail.com', '1986-11-12', N'56 Nguyễn Thái Bình, TP. Lào Cai', 0, '2017-04-14', 1),
('NV043', N'Nguyễn Văn Lộc', N'QL', 'nguyenvanloc@gmail.com', '1987-05-03', N'99 Đường Trần Đăng Ninh, TP. Đắk Lắk', 1, '2019-09-21', 1),
('NV044', N'Bùi Thị Hương', N'NV', 'buithihuong@gmail.com', '1990-02-15', N'15 Ngọc Khánh, TP. Hưng Yên', 0, '2023-07-01', 1),
('NV045', N'Nguyễn Đức Thịnh', N'NV', 'nguyenducthinh@gmail.com', '1992-08-14', N'89 Bến Vân Đồn, TP. Gia Lai', 1, '2022-12-12', 1),

('NV046', N'Trương Minh Đức', N'NV', 'truongminhduc@gmail.com', '1985-04-27', N'77 Trường Chinh, TP. Vĩnh Long', 0, '2016-08-11', 1),
('NV047', N'Phạm Văn Hóa', N'NV', 'phamvanhoa@gmail.com', '1993-06-19', N'100 Độc Lập, TP. Bến Tre', 1, '2020-06-10', 1),
('NV048', N'Hoàng Thị Phương', N'NV', 'hoangphuong@gmail.com', '1989-09-29', N'66 Hoàng Văn Thụ, TP. Bình Định', 0, '2018-05-22', 1),
('NV049', N'Tạ Văn Trung', N'NV', 'tavantrung@gmail.com', '1996-03-17', N'110 Lê Lợi, TP. Thanh Hóa', 1, '2022-01-01', 1),
('NV050', N'Đỗ Văn Niên', N'NV', 'dovanien@gmail.com', '1990-11-11', N'8 Nguyễn Đình Chiểu, TP. Quảng Nam', 0, '2023-03-01', 1);

INSERT INTO [dbo].[TaiKhoan] (maTaiKhoan, tenTaiKhoan, matKhau, ngayDangNhap, ngayDangXuat, ngaySuaDoi, maNV)
VALUES 
-- 20 Tài khoản Quản lý (QLxxxx)
('TK001', 'QL0001', '111111', '2025-01-01', '2025-01-02', '2025-05-10', 'NV001'),
('TK002', 'NV0001', '111111', '2025-01-01', '2025-01-02', '2025-01-03', 'NV002'),
('TK003', 'NV0002', '222222', '2025-01-01', '2025-01-02', '2025-01-03', 'NV003'),
('TK004', 'NV0003', '333333', '2025-01-01', '2025-01-02', '2025-01-03', 'NV004'),
('TK005', 'NV0004', '444444', '2025-01-01', '2025-01-02', '2025-01-03', 'NV005'),
('TK006', 'NV0005', '555555', '2025-01-01', '2025-01-02', '2025-01-03', 'NV006'),
('TK007', 'QL0002', '12375658', '2025-01-05', '2025-01-06', '2025-05-15', 'NV007'),
('TK008', 'NV0006', '666666', '2025-01-01', '2025-01-02', '2025-01-03', 'NV008'),
('TK009', 'NV0007', '777777', '2025-01-01', '2025-01-02', '2025-01-03', 'NV009'),
('TK010', 'NV0008', '888888', '2025-01-01', '2025-01-02', '2025-01-03', 'NV010'),
('TK011', 'NV0009', '999999', '2025-01-01', '2025-01-02', '2025-01-03', 'NV011'),
('TK012', 'NV0010', '101010', '2025-01-01', '2025-01-02', '2025-01-03', 'NV012'),
('TK013', 'QL0003', '12389678', '2025-01-10', '2025-01-11', '2025-05-20', 'NV013'),
('TK014', 'NV0011', '121212', '2025-01-01', '2025-01-02', '2025-01-03', 'NV014'),
('TK015', 'NV0012', '131313', '2025-01-01', '2025-01-02', '2025-01-03', 'NV015'),
('TK016', 'QL0004', '12345668', '2025-01-15', '2025-01-16', '2025-05-25', 'NV016'),
('TK017', 'NV0013', '141414', '2025-01-01', '2025-01-02', '2025-01-03', 'NV017'),
('TK018', 'NV0014', '151515', '2025-01-01', '2025-01-02', '2025-01-03', 'NV018'),
('TK019', 'NV0015', '161616', '2025-01-01', '2025-01-02', '2025-01-03', 'NV019'),
('TK020', 'NV0016', '171717', '2025-01-01', '2025-01-02', '2025-01-03', 'NV020'),
('TK021', 'NV0017', '181818', '2025-01-01', '2025-01-02', '2025-01-03', 'NV021'),
('TK022', 'QL0005', '12465678', '2025-01-20', '2025-01-21', '2025-05-30', 'NV022'),
('TK023', 'NV0018', '191919', '2025-01-01', '2025-01-02', '2025-01-03', 'NV023'),
('TK024', 'NV0019', '202020', '2025-01-01', '2025-01-02', '2025-01-03', 'NV024'),
('TK025', 'QL0006', '12341238', '2025-01-25', '2025-01-26', '2025-06-04', 'NV025'),
('TK026', 'NV0020', '212121', '2025-01-01', '2025-01-02', '2025-01-03', 'NV026'),
('TK027', 'NV0021', '222222', '2025-01-01', '2025-01-02', '2025-01-03', 'NV027'),
('TK028', 'QL0007', '12341238', '2025-02-01', '2025-02-02', '2025-06-09', 'NV028'),
('TK029', 'NV0022', '232323', '2025-01-01', '2025-01-02', '2025-01-03', 'NV029'),
('TK030', 'NV0023', '242424', '2025-01-01', '2025-01-02', '2025-01-03', 'NV030'),
('TK031', 'NV0024', '252525', '2025-01-01', '2025-01-02', '2025-01-03', 'NV031'),
('TK032', 'QL0008', '12456678', '2025-02-06', '2025-02-07', '2025-06-14', 'NV032'),
('TK033', 'NV0025', '262626', '2025-01-01', '2025-01-02', '2025-01-03', 'NV033'),
('TK034', 'NV0026', '272727', '2025-01-01', '2025-01-02', '2025-01-03', 'NV034'),
('TK035', 'QL0009', '45645678', '2025-02-11', '2025-02-12', '2025-06-19', 'NV035'),
('TK036', 'NV0027', '282828', '2025-01-01', '2025-01-02', '2025-01-03', 'NV036'),
('TK037', 'NV0028', '292929', '2025-01-01', '2025-01-02', '2025-01-03', 'NV037'),
('TK038', 'NV0029', '303030', '2025-01-01', '2025-01-02', '2025-01-03', 'NV038'),
('TK039', 'NV0030', '313131', '2025-01-01', '2025-01-02', '2025-01-03', 'NV039'),
('TK040', 'QL0010', '11112378', '2025-02-16', '2025-02-17', '2025-06-24', 'NV040'),
('TK041', 'NV0031', '323232', '2025-01-01', '2025-01-02', '2025-01-03', 'NV041'),
('TK042', 'NV0032', '333333', '2025-01-01', '2025-01-02', '2025-01-03', 'NV042'),
('TK043', 'NV0033', '343434', '2025-01-01', '2025-01-02', '2025-01-03', 'NV043'),
('TK044', 'NV0034', '353535', '2025-01-01', '2025-01-02', '2025-01-03', 'NV044'),
('TK045', 'NV0035', '363636', '2025-01-01', '2025-01-02', '2025-01-03', 'NV045'),
('TK046', 'NV0036', '373737', '2025-01-01', '2025-01-02', '2025-01-03', 'NV046'),
('TK047', 'NV0037', '383838', '2025-01-01', '2025-01-02', '2025-01-03', 'NV047'),
('TK048', 'NV0038', '393939', '2025-01-01', '2025-01-02', '2025-01-03', 'NV048'),
('TK049', 'NV0039', '404040', '2025-01-01', '2025-01-02', '2025-01-03', 'NV049'),
('TK050', 'NV0040', '414141', '2025-01-01', '2025-01-02', '2025-01-03', 'NV050');

INSERT INTO HangKhachHang (maHang, diemHang, giamGia, moTa, tenHang)
VALUES
('H1', 10, 5, N'Giảm 5%', N'Hạng Đồng'),
('H2', 100, 7, N'Giảm 7%', N'Hạng Bạc'),
('H3', 300, 9, N'Giảm 9%', N'Hạng Vàng'),
('H4', 600, 11, N'Giảm 11%', N'Hạng Kim Cương');

INSERT INTO KhachHang (maKH, tenKH, sdt, email, diaChi, diemTichLuy, maHang)
VALUES
('KH0001', N'Lâm Thành Đạt', '0971399664', 'thanhdatfptshop123@email.com', N'123 Lê Lợi, Quận 1, TP.HCM', 1250, 'H4'),
('KH0002', N'Nguyễn Thị Thu Thảo', '0346136392', 'tn364471@gmail.com', N'45 Nguyễn Huệ, Quận 1, TP.HCM', 980, 'H4'),
('KH0003', N'Nguyễn Gia An', '0848939598', 'nguyengiaan3787@gmail.com', N'67 Lý Thường Kiệt, Quận 10, TP.HCM', 320, 'H3'),
('KH0004', N'Nguyễn Tuấn Anh ', '0388399883', 'nguyentuananh20052005@gmail.com', N'89 Pasteur, Quận 3, TP.HCM', 150, 'H2'),
('KH0005',  N'Trần Minh Quân', '0901000005', 'minhquan05@gmail.com', N'12 Trần Hưng Đạo, Quận 1, TP.HCM', 150, 'H2'),
('KH0006',  N'Phạm Thị Ngọc Anh', '0901000006', 'ngocanh06@gmail.com', N'88 Nguyễn Trãi, Quận 5, TP.HCM', 320, 'H2'),
('KH0007',  N'Lê Hoàng Nam', '0901000007', 'hoangnam07@gmail.com', N'15 Cách Mạng Tháng 8, Quận 3, TP.HCM', 540, 'H3'),
('KH0008',  N'Nguyễn Thị Mỹ Linh', '0901000008', 'mylinh08@gmail.com', N'210 Điện Biên Phủ, Quận Bình Thạnh, TP.HCM', 780, 'H3'),
('KH0009',  N'Võ Thành Long', '0901000009', 'thanhlong09@gmail.com', N'33 Phan Văn Trị, Gò Vấp, TP.HCM', 1100, 'H4'),
('KH0010',  N'Bùi Quốc Huy', '0901000010', 'quochuy10@gmail.com', N'91 Quang Trung, Gò Vấp, TP.HCM', 60, 'H1'),
('KH0011',  N'Nguyễn Thị Hồng Nhung', '0901000011', 'hongnhung11@gmail.com', N'5 Võ Văn Tần, Quận 3, TP.HCM', 430, 'H2'),
('KH0012',  N'Trịnh Gia Bảo', '0901000012', 'giabao12@gmail.com', N'77 Lạc Long Quân, Quận 11, TP.HCM', 980, 'H3'),
('KH0013',  N'Đặng Thanh Tùng', '0901000013', 'thanhtung13@gmail.com', N'102 Âu Cơ, Tân Bình, TP.HCM', 1250, 'H4'),
('KH0014',  N'Lý Thị Kim Oanh', '0901000014', 'kimoanh14@gmail.com', N'19 Trường Chinh, Tân Bình, TP.HCM', 180, 'H1'),
('KH0015',  N'Ngô Minh Trí', '0901000015', 'minhtri15@gmail.com', N'56 Nguyễn Sơn, Tân Phú, TP.HCM', 610, 'H3'),
('KH0016', N'Phan Thế Anh', '0901000016', 'theanh16@gmail.com', N'12 Nguyễn Văn Cừ, Quận 5, TP.HCM', 450, 'H2'),
('KH0017', N'Trần Thị Bích Ngọc', '0901000017', 'bichngoc17@gmail.com', N'88 Phạm Văn Đồng, Thủ Đức, TP.HCM', 720, 'H3'),
('KH0018', N'Nguyễn Quốc Việt', '0901000018', 'quocviet18@gmail.com', N'34 Xa Lộ Hà Nội, Thủ Đức, TP.HCM', 1020, 'H4'),
('KH0019', N'Lê Thị Thanh Mai', '0901000019', 'thanhmai19@gmail.com', N'90 Lê Đức Thọ, Gò Vấp, TP.HCM', 95, 'H1'),
('KH0020', N'Vũ Hoàng Phúc', '0901000020', 'hoangphuc20@gmail.com', N'77 Nguyễn Văn Quá, Quận 12, TP.HCM', 360, 'H2'),
('KH0021', N'Nguyễn Thị Thu Hương', '0901000021', 'thuhuong21@gmail.com', N'56 Đinh Bộ Lĩnh, Bình Thạnh, TP.HCM', 890, 'H3'),
('KH0022', N'Trần Đức Thành', '0901000022', 'ducthanh22@gmail.com', N'18 Lê Văn Việt, Quận 9, TP.HCM', 1320, 'H4'),
('KH0023', N'Phạm Minh Khang', '0901000023', 'minhkhang23@gmail.com', N'55 Nguyễn Oanh, Gò Vấp, TP.HCM', 210, 'H2'),
('KH0024', N'Nguyễn Thị Ánh Tuyết', '0901000024', 'anhtuyet24@gmail.com', N'41 Phạm Ngũ Lão, Quận 1, TP.HCM', 480, 'H2'),
('KH0025', N'Lâm Quốc Bảo', '0901000025', 'quocbao25@gmail.com', N'92 Nguyễn Kiệm, Phú Nhuận, TP.HCM', 760, 'H3'),
('KH0026', N'Đỗ Thị Kim Chi', '0901000026', 'kimchi26@gmail.com', N'63 Hoàng Văn Thụ, Tân Bình, TP.HCM', 980, 'H3'),
('KH0027', N'Nguyễn Hoàng Long', '0901000027', 'hoanglong27@gmail.com', N'101 Trường Sa, Quận 3, TP.HCM', 1500, 'H4'),
('KH0028', N'Trần Văn Phúc', '0901000028', 'vanphuc28@gmail.com', N'12 Lê Quang Định, Bình Thạnh, TP.HCM', 180, 'H1'),
('KH0029', N'Nguyễn Thị Thu Hà', '0901000029', 'thuha29@gmail.com', N'33 Phan Xích Long, Phú Nhuận, TP.HCM', 420, 'H2'),
('KH0030', N'Lê Minh Hoàng', '0901000030', 'minhhoang30@gmail.com', N'98 Hoàng Văn Thụ, Tân Bình, TP.HCM', 760, 'H3'),
('KH0031', N'Phạm Quốc Tuấn', '0901000031', 'quoctuan31@gmail.com', N'55 Lạc Long Quân, Quận 11, TP.HCM', 1050, 'H4'),
('KH0032', N'Đặng Thị Mỹ Duyên', '0901000032', 'myduyen32@gmail.com', N'21 Nguyễn Sơn, Tân Phú, TP.HCM', 250, 'H2'),
('KH0033', N'Võ Hoàng Long', '0901000033', 'hoanglong33@gmail.com', N'88 Phạm Văn Chiêu, Gò Vấp, TP.HCM', 690, 'H3'),
('KH0034', N'Bùi Thanh Tâm', '0901000034', 'thanhtam34@gmail.com', N'10 Tô Ký, Quận 12, TP.HCM', 90, 'H1'),
('KH0035', N'Nguyễn Quốc Khánh', '0901000035', 'quockhanh35@gmail.com', N'76 Nguyễn Văn Luông, Quận 6, TP.HCM', 510, 'H3'),
('KH0036', N'Phan Thị Hồng Vân', '0901000036', 'hongvan36@gmail.com', N'43 Hậu Giang, Quận 6, TP.HCM', 310, 'H2'),
('KH0037', N'Trịnh Minh Khoa', '0901000037', 'minhkhoa37@gmail.com', N'65 Lý Thường Kiệt, Quận 10, TP.HCM', 980, 'H3'),
('KH0038', N'Lâm Thị Bích Trâm', '0901000038', 'bichtram38@gmail.com', N'19 Võ Văn Ngân, Thủ Đức, TP.HCM', 1200, 'H4'),
('KH0039', N'Nguyễn Văn Đạt', '0901000039', 'vandat39@gmail.com', N'92 Kha Vạn Cân, Thủ Đức, TP.HCM', 150, 'H1'),
('KH0040', N'Trần Ngọc Hân', '0901000040', 'ngochan40@gmail.com', N'28 Nguyễn Oanh, Gò Vấp, TP.HCM', 430, 'H2'),
('KH0041', N'Phạm Thanh Bình', '0901000041', 'thanhbinh41@gmail.com', N'74 Trường Chinh, Tân Bình, TP.HCM', 870, 'H3'),
('KH0042', N'Đỗ Thị Lan Anh', '0901000042', 'lananh42@gmail.com', N'56 Cộng Hòa, Tân Bình, TP.HCM', 60, 'H1'),
('KH0043', N'Vũ Đức Thịnh', '0901000043', 'ducthinh43@gmail.com', N'11 Nguyễn Văn Nghi, Gò Vấp, TP.HCM', 340, 'H2'),
('KH0044', N'Nguyễn Thị Kim Ngân', '0901000044', 'kimngan44@gmail.com', N'39 Trần Quang Diệu, Quận 3, TP.HCM', 720, 'H3'),
('KH0045', N'Lê Quốc Bảo', '0901000045', 'quocbao45@gmail.com', N'84 Trường Sa, Quận 3, TP.HCM', 990, 'H3'),
('KH0046', N'Phan Minh Đức', '0901000046', 'minhduc46@gmail.com', N'16 Hoàng Hoa Thám, Bình Thạnh, TP.HCM', 1120, 'H4'),
('KH0047', N'Ngô Thị Thanh Thúy', '0901000047', 'thanhthuy47@gmail.com', N'61 Đinh Tiên Hoàng, Bình Thạnh, TP.HCM', 270, 'H2'),
('KH0048', N'Nguyễn Hoàng Anh', '0901000048', 'hoanganh48@gmail.com', N'93 Nguyễn Duy Trinh, Quận 2, TP.HCM', 560, 'H3'),
('KH0049', N'Bùi Thị Ngọc Mai', '0901000049', 'ngocmai49@gmail.com', N'22 Mai Chí Thọ, Quận 2, TP.HCM', 140, 'H1'),
('KH0050', N'Trần Văn Hòa', '0901000050', 'vanhoa50@gmail.com', N'78 Đồng Đen, Tân Bình, TP.HCM', 380, 'H2'),
('KH0051', N'Lý Minh Quang', '0901000051', 'minhquang51@gmail.com', N'45 Lê Văn Việt, Quận 9, TP.HCM', 680, 'H3'),
('KH0052', N'Nguyễn Thị Diễm My', '0901000052', 'diemmy52@gmail.com', N'17 Nguyễn Xiển, Quận 9, TP.HCM', 920, 'H3'),
('KH0053', N'Phạm Quốc Cường', '0901000053', 'quoccuong53@gmail.com', N'36 Đỗ Xuân Hợp, Quận 9, TP.HCM', 1280, 'H4'),
('KH0054', N'Đặng Thị Thu Trang', '0901000054', 'thutrang54@gmail.com', N'69 Võ Chí Công, Quận 2, TP.HCM', 230, 'H2'),
('KH0055', N'Trần Anh Tuấn', '0901000055', 'anhtuan55@gmail.com', N'91 Nguyễn Thị Định, Quận 2, TP.HCM', 470, 'H2'),
('KH0056', N'Nguyễn Văn Sang', '0901000056', 'vansang56@gmail.com', N'54 Nguyễn Hữu Cảnh, Bình Thạnh, TP.HCM', 810, 'H3'),
('KH0057', N'Lê Thị Thanh Loan', '0901000057', 'thanhloan57@gmail.com', N'20 Xô Viết Nghệ Tĩnh, Bình Thạnh, TP.HCM', 95, 'H1'),
('KH0058', N'Phan Hoàng Phương', '0901000058', 'hoangphuong58@gmail.com', N'72 Ung Văn Khiêm, Bình Thạnh, TP.HCM', 360, 'H2'),
('KH0059', N'Nguyễn Minh Tân', '0901000059', 'minhtan59@gmail.com', N'14 D2, Bình Thạnh, TP.HCM', 610, 'H3'),
('KH0060', N'Đỗ Thị Hồng Hạnh', '0901000060', 'honghanh60@gmail.com', N'33 Nguyễn Gia Trí, Bình Thạnh, TP.HCM', 1000, 'H4'),
('KH0061', N'Trần Quốc Thịnh', '0901000061', 'quocthinh61@gmail.com', N'88 Lê Văn Sỹ, Phú Nhuận, TP.HCM', 410, 'H2'),
('KH0062', N'Nguyễn Thị Thu Uyên', '0901000062', 'thuyen62@gmail.com', N'41 Huỳnh Văn Bánh, Phú Nhuận, TP.HCM', 740, 'H3'),
('KH0063', N'Phạm Minh Trí', '0901000063', 'minhtri63@gmail.com', N'25 Trần Huy Liệu, Phú Nhuận, TP.HCM', 1080, 'H4'),
('KH0064', N'Võ Thị Kim Phượng', '0901000064', 'kimphuong64@gmail.com', N'67 Nguyễn Đình Chiểu, Quận 3, TP.HCM', 160, 'H1'),
('KH0065', N'Nguyễn Hoàng Phát', '0901000065', 'hoangphat65@gmail.com', N'99 Võ Thị Sáu, Quận 3, TP.HCM', 520, 'H3'),
('KH0066', N'Lê Minh Đức', '0901000066', 'minhduc66@gmail.com', N'12 Trần Quốc Thảo, Quận 3, TP.HCM', 860, 'H3'),
('KH0067', N'Bùi Thị Kim Oanh', '0901000067', 'kimoanh67@gmail.com', N'73 Nam Kỳ Khởi Nghĩa, Quận 3, TP.HCM', 1400, 'H4'),
('KH0068', N'Nguyễn Văn Phú', '0901000068', 'vanphu68@gmail.com', N'45 Nguyễn Văn Đậu, Bình Thạnh, TP.HCM', 290, 'H2'),
('KH0069', N'Phạm Thị Thanh Hương', '0901000069', 'thanhhuong69@gmail.com', N'81 Phan Đăng Lưu, Phú Nhuận, TP.HCM', 630, 'H3'),
('KH0070', N'Trần Hoàng Sơn', '0901000070', 'hoangson70@gmail.com', N'19 Nguyễn Văn Trỗi, Phú Nhuận, TP.HCM', 970, 'H3'),
('KH0071', N'Nguyễn Thị Kim Anh', '0901000071', 'kimanh71@gmail.com', N'56 Trường Sa, Quận 1, TP.HCM', 210, 'H2'),
('KH0072', N'Võ Minh Hải', '0901000072', 'minhhai72@gmail.com', N'34 Tôn Đức Thắng, Quận 1, TP.HCM', 480, 'H2'),
('KH0073', N'Phan Quốc Hưng', '0901000073', 'quochung73@gmail.com', N'88 Nguyễn Thái Bình, Quận 1, TP.HCM', 820, 'H3'),
('KH0074', N'Nguyễn Hoài Nam', '0901000074', 'hoainam74@gmail.com', N'15 Calmette, Quận 1, TP.HCM', 1150, 'H4'),
('KH0075', N'Đỗ Thị Mỹ Hạnh', '0901000075', 'myhanh75@gmail.com', N'61 Bến Vân Đồn, Quận 4, TP.HCM', 330, 'H2'),
('KH0076', N'Lê Quốc Dũng', '0901000076', 'quocdung76@gmail.com', N'29 Hoàng Diệu, Quận 4, TP.HCM', 690, 'H3'),
('KH0077', N'Nguyễn Thị Thanh Trúc', '0901000077', 'thanhtruc77@gmail.com', N'92 Nguyễn Tất Thành, Quận 4, TP.HCM', 980, 'H3'),
('KH0078', N'Nguyễn Văn Hải', '0901000078', 'vanhai78@gmail.com', N'88 Nguyễn Huệ, Quận 1, TP.HCM', 320, 'H3'),
('KH0079', N'Phạm Minh Tài', '0901000079', 'minhtai79@gmail.com', N'49 Nguyễn Văn Cừ, Quận 5, TP.HCM', 450, 'H2'),
('KH0080', N'Lý Thị Bích Hằng', '0901000080', 'bichhang80@gmail.com', N'17 Đinh Tiên Hoàng, Bình Thạnh, TP.HCM', 600, 'H3'),
('KH0081', N'Trần Minh Thái', '0901000081', 'minhthai81@gmail.com', N'23 Lê Văn Sỹ, Phú Nhuận, TP.HCM', 810, 'H4'),
('KH0082', N'Nguyễn Thị Hải Yến', '0901000082', 'haiyen82@gmail.com', N'50 Trà Khúc, Tân Bình, TP.HCM', 90, 'H1'),
('KH0083', N'Đặng Quốc Khánh', '0901000083', 'quockhanh83@gmail.com', N'29 Hai Bà Trưng, Quận 1, TP.HCM', 270, 'H2'),
('KH0084', N'Võ Văn Duy', '0901000084', 'vanduy84@gmail.com', N'39 Lê Quý Đôn, Quận 3, TP.HCM', 550, 'H3'),
('KH0085', N'Nguyễn Thanh Công', '0901000085', 'thanhcong85@gmail.com', N'31 Trần Quốc Thảo, Quận 3, TP.HCM', 1400, 'H4'),
('KH0086', N'Trần Minh Tuấn', '0901000086', 'minhtuan86@gmail.com', N'5 Bến Nghé, Quận 1, TP.HCM', 480, 'H2'),
('KH0087', N'Phạm Thị Xuân', '0901000087', 'thixuan87@gmail.com', N'180 Hoàng Văn Thụ, Tân Bình, TP.HCM', 310, 'H2'),
('KH0088', N'Lê Quốc Khánh', '0901000088', 'quockhanh88@gmail.com', N'22 Nguyễn Thái Học, Quận 5, TP.HCM', 670, 'H3'),
('KH0089', N'Nguyễn Thị Bảo Ngọc', '0901000089', 'baongoc89@gmail.com', N'334 Võ Văn Kiệt, Quận 1, TP.HCM', 1200, 'H4'),
('KH0090', N'Nguyễn Văn Việt', '0901000090', 'vanviet90@gmail.com', N'67 Lê Lợi, Quận 1, TP.HCM', 760, 'H3'),
('KH0091', N'Đỗ Thanh Quang', '0901000091', 'thanhquang91@gmail.com', N'5 Ông Ích Khiêm, Quận 11, TP.HCM', 640, 'H3'),
('KH0092', N'Trần Thị Thùy Linh', '0901000092', 'thylynh92@gmail.com', N'12 Trần Hưng Đạo, Quận 5, TP.HCM', 850, 'H4'),
('KH0093', N'Nguyễn Hoàng Phúc', '0901000093', 'hoangphuc93@gmail.com', N'50 Trần Quốc Toản, Q.3, TP.HCM', 920, 'H3'),
('KH0094', N'Phan Thị Bích Liên', '0901000094', 'bichlien94@gmail.com', N'125 Trương Định, Quận 3, TP.HCM', 1150, 'H4'),
('KH0095', N'Trần Văn Hòa', '0901000095', 'vanhoa95@gmail.com', N'23 Phú Thọ Hòa, TP.HCM', 270, 'H2'),
('KH0096', N'Nguyễn Văn Dũng', '0901000096', 'vandung96@gmail.com', N'99 Trần Não, TP. Thủ Đức', 415, 'H2'),
('KH0097', N'Phạm Thị Hồng', '0901000097', 'hong97@gmail.com', N'88 Bến Chương Dương, Quận 1, TP.HCM', 980, 'H3'),
('KH0098', N'Lê Quốc Huân', '0901000098', 'quochuan98@gmail.com', N'213 Minh Khai, Quận 3, TP.HCM', 180, 'H1'),
('KH0099', N'Nguyễn Thị Hải', '0901000099', 'hai99@gmail.com', N'180 Trần Não, Quận 2, TP.HCM', 720, 'H2'),
('KH0100', N'Trần Quốc Cường', '0901000100', 'quoccuong100@gmail.com', N'56 Lê Thánh Tôn, Quận 1, TP.HCM', 220, 'H2'),
('KH0101', N'Nguyễn Thị Nhã', '0901000101', 'nha101@gmail.com', N'210 Hùng Vương, Quận 5, TP.HCM', 450, 'H3'),
('KH0102', N'Phan Văn Minh', '0901000102', 'vanminh102@gmail.com', N'33 Hoàng Sa, Quận 1, TP.HCM', 180, 'H1'),
('KH0103', N'Nguyễn Văn Minh', '0901000103', 'vanminh103@gmail.com', N'47 Phú Thọ, Quận 11, TP.HCM', 950, 'H3'),
('KH0104', N'Lê Thị Thủy', '0901000104', 'thuy104@gmail.com', N'80 Kha Vạn Cân, TP. Thủ Đức', 1500, 'H4'),
('KH0105', N'Đặng Minh Hằng', '0901000105', 'minhhang105@gmail.com', N'250 Nguyễn Văn Trỗi, Quận 1, TP.HCM', 60, 'H1'),
('KH0106', N'Trần Quốc Ánh', '0901000106', 'quocanh106@gmail.com', N'372 Lê Hồng Phong, Quận 5, TP.HCM', 830, 'H3'),
('KH0107', N'Nguyễn Tiến Dũng', '0901000107', 'tiendung107@gmail.com', N'45 Nguyễn Ánh Thủ, TP. Thủ Đức', 1040, 'H4'),
('KH0108', N'Phạm Minh Đức', '0901000108', 'minhduc108@gmail.com', N'12 Trần Thị Nghĩa, Quận 1, TP.HCM', 190, 'H2'),
('KH0109', N'Nguyễn Hoàng Hưng', '0901000109', 'hoanghung109@gmail.com', N'99 Nguyễn Trọng Tuyển, Tân Bình', 360, 'H2'),
('KH0110', N'Trần Xuân Sơn', '0901000110', 'xuan88@gmail.com', N'68 Huỳnh Tấn Phát, TP. Thủ Đức', 840, 'H3'),
('KH0111', N'Nguyễn Thị Thanh Hằng', '0901000111', 'thanhhang111@gmail.com', N'200 Minh Khai, Q.1, TP.HCM', 700, 'H3'),
('KH0112', N'Ngô Văn Tùng', '0901000112', 'vantung112@gmail.com', N'23 Điện Biên Phủ, TP.HCM', 910, 'H4'),
('KH0113', N'Trần Thị Huyền', '0901000113', 'thihuyen113@gmail.com', N'12 Tôn Thất Tùng, Quận 10, TP.HCM', 950, 'H3'),
('KH0114', N'Nguyễn Văn Khải', '0901000114', 'vankhai114@gmail.com', N'72 Trần Quốc Toản, TP.HCM', 620, 'H2'),
('KH0115', N'Lê Văn Hoàng', '0901000115', 'hoang115@gmail.com', N'30 Hùng Vương, Thanh Đào, TP.HCM', 820, 'H3'),
('KH0116', N'Nguyễn Thị Hạnh', '0901000116', 'hanh116@gmail.com', N'15 Nguyễn Trãi, TP.HCM', 460, 'H4'),
('KH0117', N'Trần Minh Quang', '0901000117', 'minhquang117@gmail.com', N'230 Nguyễn Văn Trỗi, TP.HCM', 385, 'H2'),
('KH0118', N'Phan Văn Hòa', '0901000118', 'vanhoa118@gmail.com', N'135 Lê Văn Khương, TP.HCM', 540, 'H3'),
('KH0119', N'Lý Thị Xuân', '0901000119', 'thixuan119@gmail.com', N'79 Trình Văn Khanh, TP.HCM', 210, 'H2'),
('KH0120', N'Nguyễn Thị Hạnh', '0901000120', 'nhanh121@gmail.com', N'180 Nguyễn Đình Chiểu, TP.HCM', 680, 'H3'),
('KH0121', N'Trần Văn Thảo', '0901000121', 'vanthao121@gmail.com', N'29 Bình Giã, TP.HCM', 300, 'H2'),
('KH0122', N'Nguyễn Hoàng Vũ', '0901000122', 'hoangvu122@gmail.com', N'78 Trần Quang Khải, TP.HCM', 960, 'H4'),
('KH0123', N'Đỗ Thị Bích', '0901000123', 'bichdt123@gmail.com', N'29 Lê Văn Việt, TP.HCM', 410, 'H2'),
('KH0124', N'Võ Văn Khánh', '0901000124', 'vankhanh124@gmail.com', N'44 Nguyễn Đình Chiểu, TP.HCM', 300, 'H2'),
('KH0125', N'Nguyễn Đức Lộc', '0901000125', 'ducloc125@gmail.com', N'78 Nguyễn Văn Khải, TP.HCM', 650, 'H3'),
('KH0126', N'Ngô Thị Hương', '0901000126', 'huong126@gmail.com', N'99 Lê Văn Quý, TP.HCM', 820, 'H4'),
('KH0127', N'Phạm Thái Sơn', '0901000127', 'thaison127@gmail.com', N'10 Trần Khánh Giư, TP.HCM', 920, 'H4'),
('KH0128', N'Nguyễn Thị Hương Lan', '0901000128', 'huonglan128@gmail.com', N'76 Đặng Văn Ngữ, TP.HCM', 340, 'H3'),
('KH0129', N'Đặng Quốc Sỹ', '0901000129', 'quocsy129@gmail.com', N'55 Lê Quý Đôn, TP.HCM', 590, 'H3'),
('KH0130', N'Lý Như Quỳnh', '0901000130', 'nhuquynh130@gmail.com', N'124 Nguyễn Văn Đậu, TP.HCM', 1150, 'H4'),
('KH0131', N'Trần Trí Dũng', '0901000131', 'tridung131@gmail.com', N'143 Lê Văn Sỹ, TP.HCM', 800, 'H3'),
('KH0132', N'Nguyễn Minh Tuấn', '0901000132', 'minhtuan132@gmail.com', N'37 đường số 5, TP.HCM', 400, 'H2'),
('KH0133', N'Phan Văn Tiến', '0901000133', 'vantiend133@gmail.com', N'11 Phú Thọ, TP.HCM', 750, 'H3'),
('KH0134', N'Lê Thị Quỳnh', '0901000134', 'thiquynh134@gmail.com', N'19 Nguyễn Văn Bảo, TP.HCM', 900, 'H3'),
('KH0135', N'Nguyễn Thanh Luân', '0901000135', 'thanhluan135@gmail.com', N'54 Nguyễn Quốc Cường, TP.HCM', 220, 'H1'),
('KH0136', N'Trần Minh Hiếu', '0901000136', 'minhhieu136@gmail.com', N'399 Hoàng Diệu, TP.HCM', 610, 'H2'),
('KH0137', N'Phạm Như Minh', '0901000137', 'nhuminh137@gmail.com', N'118 Phạm Văn Đồng, TP.HCM', 980, 'H3'),
('KH0138', N'Nguyễn Văn Hòa', '0901000138', 'vanhoa138@gmail.com', N'140 Lê Lợi, TP.HCM', 400, 'H2'),
('KH0139', N'Lê Thị Diệu Hạnh', '0901000139', 'dieuhan139@gmail.com', N'22 Bến Thành, TP.HCM', 1500, 'H4'),
('KH0140', N'Trần Thị Mỹ Hằng', '0901000140', 'myhang140@gmail.com', N'23 Nguyễn Ánh Thủ, TP.HCM', 760, 'H3'),
('KH0141', N'Đỗ Minh Hùng', '0901000141', 'minhhung141@gmail.com', N'15 Hoàng Diệu, TP.HCM', 410, 'H2'),
('KH0142', N'Nguyễn Hồng Sơn', '0901000142', 'hongson142@gmail.com', N'45 Hùng Vương, TP.HCM', 580, 'H3'),
('KH0143', N'Phan Văn Đức', '0901000143', 'vanduc143@gmail.com', N'72 đường 18, TP.HCM', 950, 'H4'),
('KH0144', N'Nguyễn Thị Kim Tuyến', '0901000144', 'kimtuyen144@gmail.com', N'60 Trần Quốc Toản, TP.HCM', 230, 'H3'),
('KH0145', N'Lê Thị Bích Thủy', '0901000145', 'bichthuy145@gmail.com', N'34 Mạc Thị Bưởi, TP.HCM', 650, 'H2'),
('KH0146', N'Nguyễn Văn Đức', '0901000146', 'vanduc146@gmail.com', N'450 Lê Văn Việt, TP.HCM', 770, 'H3'),
('KH0147', N'Ngô Thị Tuyết', '0901000147', 'tuyet147@gmail.com', N'370 Đường số 12, TP.HCM', 525, 'H2'),
('KH0148', N'Lâm Tiến Dũng', '0901000148', 'tiendung148@gmail.com', N'56 Võ Thị Sáu, TP.HCM', 830, 'H3'),
('KH0149', N'Nguyễn Văn An', '0901000149', 'vanan149@gmail.com', N'24 Nguyễn Thái Bình, TP.HCM', 380, 'H2'),
('KH0150', N'Phan Thị Ngọc Hân', '0901000150', 'ngochan150@gmail.com', N'70 Đường số 5, TP.HCM', 610, 'H3'),
('KH0151', N'Nguyễn Hoàng Nhi', '0901000151', 'hoangnhi151@gmail.com', N'12 Lê Lợi, Q.1, TP.HCM', 300, 'H3'),
('KH0152', N'Đỗ Văn Phước', '0901000152', 'vanphuoc152@gmail.com', N'88 Trần Thái Tôn, Q.1, TP.HCM', 400, 'H2'),
('KH0153', N'Lê Thị Tâm', '0901000153', 'thitam153@gmail.com', N'34 Nam Kỳ Khởi Nghĩa, Q.3, TP.HCM', 500, 'H4'),
('KH0154', N'Phạm Văn Hưởng', '0901000154', 'vanhuong154@gmail.com', N'50 Phan Xích Long, Q. Phú Nhuận, TP.HCM', 600, 'H3'),
('KH0155', N'Nguyễn Thị Minh', '0901000155', 'minh155@gmail.com', N'12 Cách Mạng Tháng 8, Q.3, TP.HCM', 700, 'H4'),
('KH0156', N'Nguyễn Văn Khoa', '0901000156', 'khoa156@gmail.com', N'100 Trần Văn Đang, Q.3, TP.HCM', 800, 'H2'),
('KH0157', N'Vũ Minh Hoàng', '0901000157', 'minhhoang157@gmail.com', N'25 Nguyễn Thái Bình, Q.1, TP.HCM', 900, 'H3'),
('KH0158', N'Trần Văn Hải', '0901000158', 'vanhai158@gmail.com', N'50 Hoàng Văn Thụ, Q. Tân Bình, TP.HCM', 1000, 'H4'),
('KH0159', N'Nguyễn Thị Hạnh', '0901000159', 'thihanh159@gmail.com', N'120 Lê Văn Sĩ, Q.3, TP.HCM', 1100, 'H2'),
('KH0160', N'Phan Thị Bích Liên', '0901000160', 'bichlien160@gmail.com', N'80 Hậu Giang, Q.6, TP.HCM', 1200, 'H3'),
('KH0161', N'Lê Văn Bình', '0901000161', 'vanbinh161@gmail.com', N'14 Ung Văn Khiêm, Q. Bình Thạnh, TP.HCM', 1300, 'H4'),
('KH0162', N'Trần Quốc Đạt', '0901000162', 'quocdat162@gmail.com', N'66 Thạch Đà, Q. Tân Phú, TP.HCM', 1400, 'H3'),
('KH0163', N'Võ Thị Bạch Yến', '0901000163', 'bachyen163@gmail.com', N'78 Bến Vân Đồn, Q.4, TP.HCM', 1500, 'H2'),
('KH0164', N'Nguyễn Tấn Đạt', '0901000164', 'tandat164@gmail.com', N'90 Lê Hoàng, Q. Gò Vấp, TP.HCM', 1600, 'H1'),
('KH0165', N'Trần Nguyễn Bình', '0901000165', 'nguyenbinh165@gmail.com', N'23 Nguyễn Văn Cừ, Q.5, TP.HCM', 1700, 'H3'),
('KH0166', N'Đỗ Vĩnh Sơn', '0901000166', 'vinhson166@gmail.com', N'134 Nguyễn Hữu Cảnh, Q. Bình Thạnh, TP.HCM', 1800, 'H4'),
('KH0167', N'Nguyễn Thị Bính', '0901000167', 'binh167@gmail.com', N'45 Đinh Tiên Hoàng, Q. Bình Thạnh, TP.HCM', 1900, 'H2'),
('KH0168', N'Lê Văn Lộc', '0901000168', 'vanloc168@gmail.com', N'33 Cách Mạng Tháng Tám, Q.3, TP.HCM', 2000, 'H3'),
('KH0169', N'Phan Minh Tuấn', '0901000169', 'minhtuan169@gmail.com', N'35 Trần Nhân Tôn, Q.5, TP.HCM', 2100, 'H1'),
('KH0170', N'Trần Hoàng Minh', '0901000170', 'hoangminh170@gmail.com', N'121 Nguyễn Văn Cừ, Q.5, TP.HCM', 2200, 'H2'),
('KH0171', N'Nguyễn Văn Ninh', '0901000171', 'vanninh171@gmail.com', N'55 Đinh Bộ Lĩnh, Q. Bình Thạnh, TP.HCM', 2300, 'H3'),
('KH0172', N'Lê Thị Hồng Ngọc', '0901000172', 'hongngoc172@gmail.com', N'200 Lê Thánh Tôn, Q.1, TP.HCM', 2400, 'H4'),
('KH0173', N'Đặng Minh Bảo', '0901000173', 'minhbao173@gmail.com', N'45 Hoàng Diệu, Q.4, TP.HCM', 2500, 'H2'),
('KH0174', N'Nguyễn Văn Phúc', '0901000174', 'vanphuc174@gmail.com', N'140 Hồng Bàng, Q.5, TP.HCM', 2600, 'H3'),
('KH0175', N'Phan Văn Thảo', '0901000175', 'vanthao175@gmail.com', N'88 Đường số 12, TP.HCM', 2700, 'H4'),
('KH0176', N'Ngô Thị Hạnh', '0901000176', 'thihaan176@gmail.com', N'12 Trần Bình Trọng, Q.1, TP.HCM', 2800, 'H1'),
('KH0177', N'Võ Văn Tùng', '0901000177', 'vantung177@gmail.com', N'2 Xuân Thủy, Q.5, TP.HCM', 2900, 'H2'),
('KH0178', N'Nguyễn Hữu Thịnh', '0901000178', 'huuthinh178@gmail.com', N'99 Đồng Đen, Q. Tân Bình, TP.HCM', 3000, 'H3'),
('KH0179', N'Đặng Văn Hòa', '0901000179', 'vanhoa179@gmail.com', N'5 Hải Thượng Lãn Ông, Q.5, TP.HCM', 3100, 'H4'),
('KH0180', N'Lê Thị Ngọc Thanh', '0901000180', 'ngocthanh180@gmail.com', N'33 Trần Xuân Soạn, Q.1, TP.HCM', 3200, 'H1'),
('KH0181', N'Nguyễn Thanh Thảo', '0901000181', 'thanhthao181@gmail.com', N'99 Lạc Long Quân, Q. Tân Bình, TP.HCM', 3300, 'H2'),
('KH0182', N'Phan Văn Lợi', '0901000182', 'vanloi182@gmail.com', N'27 Phú Lâm, Q.6, TP.HCM', 3400, 'H3'),
('KH0183', N'Trần Quốc Thịnh', '0901000183', 'quocthinh183@gmail.com', N'78 Phan Đăng Lưu, Q. Phú Nhuận, TP.HCM', 3500, 'H4'),
('KH0184', N'Nguyễn Văn Kinh', '0901000184', 'vankinh184@gmail.com', N'56 Minh Khai, Q.2, TP.HCM', 3600, 'H1'),
('KH0185', N'Lê Thì Kiều', '0901000185', 'kieu185@gmail.com', N'45 Nguyễn Chí Thanh, TP.HCM', 3700, 'H2'),
('KH0186', N'Nguyễn Văn Dực', '0901000186', 'vanduc186@gmail.com', N'78 Hoàng Sa, TP.HCM', 3800, 'H3'),
('KH0187', N'Đỗ Văn Tâm', '0901000187', 'vantam187@gmail.com', N'90 Lê Quý Đôn, TP.HCM', 3900, 'H4'),
('KH0188', N'Lê Minh Ngọc', '0901000188', 'minhngoc188@gmail.com', N'75 Nguyễn Minh Khai, TP.HCM', 4000, 'H2'),
('KH0189', N'Nguyễn Công Thịnh', '0901000189', 'congthinh189@gmail.com', N'45 Trương Định, TP.HCM', 4100, 'H3'),
('KH0190', N'Phan Thị Hải', '0901000190', 'thihai190@gmail.com', N'25 Đào Duy Từ, TP.HCM', 4200, 'H4'),
('KH0191', N'Đặng Xuân Linh', '0901000191', 'xuanlinh191@gmail.com', N'34 Ngô Quyền, TP.HCM', 4300, 'H1'),
('KH0192', N'Nguyễn Văn Hùng', '0901000192', 'vanhung192@gmail.com', N'20 Đinh Bộ Lĩnh, TP.HCM', 4400, 'H2'),
('KH0193', N'Lê Thị Tuyết', '0901000193', 'thituyet193@gmail.com', N'111 Đội Cấn, TP.HCM', 4500, 'H3'),
('KH0194', N'Phạm Văn Tài', '0901000194', 'vantai194@gmail.com', N'85 Hòa Bình, TP.HCM', 4600, 'H4'),
('KH0195', N'Nguyễn Đức Vỹ', '0901000195', 'ducvy195@gmail.com', N'25 Huỳnh Tấn Phát, TP.HCM', 4700, 'H1'),
('KH0196', N'Võ Anh Tuấn', '0901000196', 'anhtuan196@gmail.com', N'150 Trần Quốc Toản, TP.HCM', 4800, 'H2'),
('KH0197', N'Lý Như Hương', '0901000197', 'nhuhuong197@gmail.com', N'29 Văn Thánh, TP.HCM', 4900, 'H3'),
('KH0198', N'Nguyễn Bảo Quốc', '0901000198', 'baoquoc198@gmail.com', N'120 Nguyễn Thái Bình, TP.HCM', 5000, 'H4'),
('KH0199', N'Phan Văn Minh', '0901000199', 'vanminh199@gmail.com', N'40 Lý Chính Thắng, Q.3, TP.HCM', 5100, 'H2'),
('KH0200', N'Lê Thị Yến', '0901000200', 'thyen200@gmail.com', N'105 Trương Công Định, TP.HCM', 5200, 'H3'),
('KH0201', N'Nguyễn Văn Đắc', '0901000201', 'vandac201@gmail.com', N'62 Trường Sa, TP.HCM', 5300, 'H1'),
('KH0202', N'Trần Gia Huy', '0901000202', 'giahuy202@gmail.com', N'67 Lạc Long Quân, TP.HCM', 5400, 'H2'),
('KH0203', N'Đỗ Thị Nhung', '0901000203', 'nhung203@gmail.com', N'27 Nam Kỳ Khởi Nghĩa, TP.HCM', 5500, 'H3'),
('KH0204', N'Võ Văn Tài', '0901000204', 'vantai204@gmail.com', N'33 Bà Huyện Thanh Quan, Q.3, TP.HCM', 5600, 'H1'),
('KH0205', N'Lê Thị Như', '0901000205', 'nhu205@gmail.com', N'100 Trần Hưng Đạo, TP.HCM', 5700, 'H2'),
('KH0206', N'Nguyễn Văn Khoa', '0901000206', 'khoa206@gmail.com', N'77 Huỳnh Đình Hai, TP.HCM', 5800, 'H4'),
('KH0207', N'Trần Văn Bảo', '0901000207', 'vanbao207@gmail.com', N'200 Mai Thị Lựu, TP.HCM', 5900, 'H3'),
('KH0208', N'Nguyễn Hữu Tín', '0901000208', 'huutin208@gmail.com', N'150 Phạm Ngũ Lão, TP.HCM', 6000, 'H2'),
('KH0209', N'Lê Văn Bình', '0901000209', 'vanbinh209@gmail.com', N'30 Mạc Đĩnh Chi, TP.HCM', 6100, 'H1'),
('KH0210', N'Ngô Thị Hương', '0901000210', 'huong210@gmail.com', N'125 Nguyễn Văn Lượng, TP.HCM', 6200, 'H3'),
('KH0211', N'Trần Hoàng Duy', '0901000211', 'hoangduy211@gmail.com', N'78 Hoàng Văn Thụ, TP.HCM', 6300, 'H4'),
('KH0212', N'Phạm Minh Quân', '0901000212', 'minhquan212@gmail.com', N'12 Trường Sa, Q. Phú Nhuận, TP.HCM', 6400, 'H1'),
('KH0213', N'Nguyễn Văn An', '0901000213', 'vanan213@gmail.com', N'99 Văn Thánh, TP.HCM', 6500, 'H2'),
('KH0214', N'Lê Minh Khải', '0901000214', 'minhkhaidan215@gmail.com', N'42 Bùi Viện, TP.HCM', 6600, 'H3'),
('KH0215', N'Trần Quốc Huy', '0901000215', 'quochuy215@gmail.com', N'240 Lê Quý Đôn, TP.HCM', 6700, 'H4'),
('KH0216', N'Nguyễn Thị Khánh', '0901000216', 'khanh216@gmail.com', N'54 Kim Mã, TP.HCM', 6800, 'H1'),
('KH0217', N'Phan Văn Chiến', '0901000217', 'vanchien217@gmail.com', N'89 Đề Thám, TP.HCM', 6900, 'H2'),
('KH0218', N'Lý Văn Nhân', '0901000218', 'vannhan218@gmail.com', N'99 Bến Văn Đồn, TP.HCM', 7000, 'H3'),
('KH0219', N'Nguyễn Thị Thủy', '0901000219', 'thuy219@gmail.com', N'75 Trần Đình Xu, Q.1, TP.HCM', 7100, 'H4'),
('KH0220', N'Trần Văn Hòn', '0901000220', 'vanhon220@gmail.com', N'45 Lê Văn Sỹ, TP.HCM', 7200, 'H2'),
('KH0221', N'Lê Tiến Đạt', '0901000221', 'tiendat221@gmail.com', N'100 Nam Kỳ Khởi Nghĩa, TP.HCM', 7300, 'H3'),
('KH0222', N'Nguyễn Xuân Trường', '0901000222', 'xuantruong222@gmail.com', N'33 Đinh Bộ Lĩnh, TP.HCM', 7400, 'H4'),
('KH0223', N'Phan Kim Phát', '0901000223', 'kimphat223@gmail.com', N'25 Lê Quý Đôn, TP.HCM', 7500, 'H1'),
('KH0224', N'Lý Hồng Danh', '0901000224', 'hongdanh224@gmail.com', N'85 Đường 3/2, TP.HCM', 7600, 'H2'),
('KH0225', N'Nguyễn Văn Cương', '0901000225', 'vancuong225@gmail.com', N'10 Nguyễn Đình Chiểu, TP.HCM', 7700, 'H3'),
('KH0226', N'Đỗ Quyết Thắng', '0901000226', 'quyetthang226@gmail.com', N'12 Tràng Thi, Quận 1, TP.HCM', 7800, 'H4'),
('KH0227', N'Võ Thị Hoài', '0901000227', 'hoai227@gmail.com', N'64 Trần Hưng Đạo, TP.HCM', 7900, 'H2'),
('KH0228', N'Nguyễn Thanh Phúc', '0901000228', 'thanhtam228@gmail.com', N'92 Hòa Bình, TP.HCM', 8000, 'H3'),
('KH0229', N'Phan Văn Hải', '0901000229', 'vanhai229@gmail.com', N'99 Bến Chương Dương, TP.HCM', 8100, 'H2'),
('KH0230', N'Lê Nhật Trường', '0901000230', 'nhattruong230@gmail.com', N'45 Lê Hồng Phong, TP.HCM', 8200, 'H1');

UPDATE KhachHang
SET maHang = 
    CASE 
        WHEN diemTichLuy < 1000 THEN 'H1'
        WHEN diemTichLuy < 3000 THEN 'H2'
        WHEN diemTichLuy < 6000 THEN 'H3'
        ELSE 'H4'
    END;

--Chèn dữ liệu cho loaiBan
INSERT INTO [dbo].[LoaiBan] (maLoaiBan, tenLoaiBan, soLuong) VALUES
('LB01', N'Bàn nhỏ', 10),
('LB02', N'Bàn thường', 15),
('LB03', N'Bàn lớn', 20);

-- Thêm dữ liệu cho Ban
INSERT INTO [dbo].[Ban] (maBan, viTri, trangThai, maLoaiBan) VALUES
('B01', N'Khu A', N'Trống', 'LB01'),
('B02', N'Khu A', N'Trống', 'LB01'),
('B03', N'Khu B', N'Trống', 'LB02'),
('B04', N'Khu B', N'Trống', 'LB02'),
('B05', N'Khu C', N'Trống', 'LB03'),
('B06', N'Khu C', N'Trống', 'LB03'),
('B07', N'Khu B', N'Trống', 'LB02'),
('B08', N'Khu A', N'Trống', 'LB01'),
('B09', N'Khu C', N'Trống', 'LB03'),
('B10', N'Khu B', N'Trống', 'LB02'),
('B11', N'Khu A', N'Trống', 'LB01'),
('B12', N'Khu A', N'Trống', 'LB01'),
('B13', N'Khu B', N'Trống', 'LB02'),
('B14', N'Khu B', N'Trống', 'LB02'),
('B15', N'Khu C', N'Trống', 'LB03'),
('B16', N'Khu C', N'Trống', 'LB03'),
('B17', N'Khu B', N'Trống', 'LB02'),
('B18', N'Khu A', N'Trống', 'LB01'),
('B19', N'Khu C', N'Trống', 'LB03'),
('B20', N'Khu B', N'Trống', 'LB02'),
('B21', N'Khu A', N'Trống', 'LB01'),
('B22', N'Khu C', N'Trống', 'LB03');

INSERT INTO Coc (maCoc, loaiCoc, phanTramCoc, soTienCoc) VALUES
    ('C001', 1, 10, 100000),
    ('C002', 0, 20, 200000),
    ('C003', 1, 15, 150000),
    ('C004', 0, 25, 250000),
    ('C005', 1, 5, 50000),
    ('C006', 0, 30, 300000),
    ('C007', 1, 10, 100000),
    ('C008', 0, 20, 200000),
    ('C009', 1, 15, 150000),
    ('C010', 0, 25, 250000),
    ('C011', 1, 10, 100000),
    ('C012', 0, 20, 200000),
    ('C013', 1, 15, 150000),
    ('C014', 0, 25, 250000),
    ('C015', 1, 5, 50000),
    ('C016', 0, 30, 300000),
    ('C017', 1, 10, 100000),
    ('C018', 0, 20, 200000),
    ('C019', 1, 15, 150000),
    ('C020', 0, 25, 250000),
    ('C021', 1, 10, 100000),
    ('C022', 0, 20, 200000);

INSERT INTO KhuyenMai (maKM, tenKM, loaiKM, ngayBatDau, ngayKetThuc, phanTramGiamGia)
VALUES
('KM001', N'Ưu đãi VIP tháng 11', N'Ưu đãi cho khách hàng Kim Cương', '2025-11-01', '2025-12-30', 20),
('KM002', N'Giảm 10% tổng hóa đơn cuối tuần', N'Khuyến mãi trên tổng hóa đơn', '2025-11-07', '2025-11-08', 10),
('KM003', N'Khuyến mãi Valentine', N'Ưu đãi cho khách hàng Kim Cương', '2025-02-01', '2025-02-14', 15),
('KM004', N'Giảm giá ngày Quốc tế Phụ nữ', N'Khuyến mãi trên tổng hóa đơn', '2025-03-01', '2025-03-08', 25),
('KM005', N'Giảm giá hè', N'Ưu đãi cho khách hàng Kim Cương', '2025-06-01', '2025-06-30', 30),
('KM006', N'Khuyến mãi Trung thu', N'Khuyến mãi trên tổng hóa đơn', '2025-09-01', '2025-09-30', 20),
('KM007', N'Giảm giá Black Friday', N'Ưu đãi cho khách hàng Kim Cương', '2025-11-24', '2025-11-30', 40),
('KM008', N'Ưu đãi Giáng Sinh', N'Khuyến mãi trên tổng hóa đơn', '2025-12-01', '2025-12-25', 35),
('KM009', N'Khuyến mãi sinh nhật', N'Ưu đãi cho khách hàng Kim Cương', '2025-01-01', '2025-01-31', 25),
('KM010', N'Giảm giá mua sắm Tết', N'Khuyến mãi trên tổng hóa đơn', '2025-01-15', '2025-02-15', 15),
('KM011', N'Khuyến mãi cuối năm', N'Ưu đãi cho khách hàng Kim Cương', '2025-12-26', '2025-12-31', 30);

INSERT INTO DonDatBan (maDatBan, ngayGio, soLuong, maBan, gioBatDau, trangThai)
VALUES
('DDB001', '2025-01-03 08:30:00', 2, 'B01', '08:30', N'Đã nhận bàn'),
('DDB002', '2025-01-05 09:00:00', 4, 'B02', '09:00', N'Đã nhận bàn'),
('DDB003', '2025-01-08 10:15:00', 3, 'B03', '10:15', N'Đã nhận bàn'),
('DDB004', '2025-01-10 11:00:00', 5, 'B04', '11:00', N'Đã nhận bàn'),
('DDB005', '2025-01-12 12:30:00', 2, 'B05', '12:30', N'Đã nhận bàn'),
('DDB006', '2025-01-15 13:00:00', 6, 'B06', '13:00', N'Đã nhận bàn'),
('DDB007', '2025-01-18 14:15:00', 4, 'B07', '14:15', N'Đã nhận bàn'),
('DDB008', '2025-01-20 15:00:00', 3, 'B08', '15:00', N'Đã nhận bàn'),
('DDB009', '2025-01-23 16:30:00', 2, 'B09', '16:30', N'Đã nhận bàn'),
('DDB010', '2025-01-25 18:00:00', 5, 'B10', '18:00', N'Đã nhận bàn'),
('DDB011', '2025-02-01 08:00:00', 2, 'B01', '08:00', N'Đã nhận bàn'),
('DDB012', '2025-02-03 09:30:00', 3, 'B02', '09:30', N'Đã nhận bàn'),
('DDB013', '2025-02-05 10:00:00', 4, 'B03', '10:00', N'Đã nhận bàn'),
('DDB014', '2025-02-07 11:15:00', 6, 'B04', '11:15', N'Đã nhận bàn'),
('DDB015', '2025-02-09 12:00:00', 2, 'B05', '12:00', N'Đã nhận bàn'),
('DDB016', '2025-02-11 13:30:00', 5, 'B06', '13:30', N'Đã nhận bàn'),
('DDB017', '2025-02-14 14:00:00', 3, 'B07', '14:00', N'Đã nhận bàn'),
('DDB018', '2025-02-16 15:30:00', 4, 'B08', '15:30', N'Đã nhận bàn'),
('DDB019', '2025-02-18 17:00:00', 2, 'B09', '17:00', N'Đã nhận bàn'),
('DDB020', '2025-02-20 19:00:00', 6, 'B10', '19:00', N'Đã nhận bàn'),
('DDB021', '2025-03-02 08:15:00', 3, 'B01', '08:15', N'Đã nhận bàn'),
('DDB022', '2025-03-04 09:45:00', 2, 'B02', '09:45', N'Đã nhận bàn'),
('DDB023', '2025-03-06 10:30:00', 4, 'B03', '10:30', N'Đã nhận bàn'),
('DDB024', '2025-03-08 11:00:00', 5, 'B04', '11:00', N'Đã nhận bàn'),
('DDB025', '2025-03-10 12:15:00', 3, 'B05', '12:15', N'Đã nhận bàn'),
('DDB026', '2025-03-12 13:45:00', 6, 'B06', '13:45', N'Đã nhận bàn'),
('DDB027', '2025-03-14 14:30:00', 2, 'B07', '14:30', N'Đã nhận bàn'),
('DDB028', '2025-03-16 15:00:00', 4, 'B08', '15:00', N'Đã nhận bàn'),
('DDB029', '2025-03-18 17:30:00', 5, 'B09', '17:30', N'Đã nhận bàn'),
('DDB030', '2025-03-20 20:00:00', 3, 'B10', '20:00', N'Đã nhận bàn'),
('DDB031', '2025-04-01 08:00:00', 2, 'B01', '08:00', N'Đã nhận bàn'),
('DDB032', '2025-04-03 09:15:00', 4, 'B02', '09:15', N'Đã nhận bàn'),
('DDB033', '2025-04-05 10:45:00', 3, 'B03', '10:45', N'Đã nhận bàn'),
('DDB034', '2025-04-07 11:30:00', 6, 'B04', '11:30', N'Đã nhận bàn'),
('DDB035', '2025-04-09 12:00:00', 2, 'B05', '12:00', N'Đã nhận bàn'),
('DDB036', '2025-04-11 13:15:00', 5, 'B06', '13:15', N'Đã nhận bàn'),
('DDB037', '2025-04-13 14:45:00', 4, 'B07', '14:45', N'Đã nhận bàn'),
('DDB038', '2025-04-15 16:00:00', 3, 'B08', '16:00', N'Đã nhận bàn'),
('DDB039', '2025-04-17 18:30:00', 6, 'B09', '18:30', N'Đã nhận bàn'),
('DDB040', '2025-04-19 21:30:00', 2, 'B10', '21:30', N'Đã nhận bàn'),
('DDB041', '2025-04-20 19:00:00', 4, 'B01', '19:00', N'Đã nhận bàn'),
('DDB042', '2025-04-21 20:00:00', 3, 'B02', '20:00', N'Đã nhận bàn'),
('DDB043', '2025-04-22 18:00:00', 5, 'B03', '18:00', N'Đã nhận bàn'),
('DDB044', '2025-04-23 17:00:00', 2, 'B04', '17:00', N'Đã nhận bàn'),
('DDB045', '2025-04-24 16:30:00', 4, 'B05', '16:30', N'Đã nhận bàn'),
('DDB046', '2025-04-25 15:00:00', 3, 'B06', '15:00', N'Đã nhận bàn'),
('DDB047', '2025-04-26 14:00:00', 6, 'B07', '14:00', N'Đã nhận bàn'),
('DDB048', '2025-04-27 13:00:00', 2, 'B08', '13:00', N'Đã nhận bàn'),
('DDB049', '2025-04-28 12:00:00', 5, 'B09', '12:00', N'Đã nhận bàn'),
('DDB050', '2025-04-29 11:00:00', 3, 'B10', '11:00', N'Đã nhận bàn'),
('DDB051', '2025-05-02 08:45:00', 3, 'B01', '08:45', N'Đã nhận bàn'),
('DDB052', '2025-05-04 09:30:00', 5, 'B02', '09:30', N'Đã nhận bàn'),
('DDB053', '2025-05-06 10:15:00', 2, 'B03', '10:15', N'Đã nhận bàn'),
('DDB054', '2025-05-08 11:00:00', 6, 'B04', '11:00', N'Đã nhận bàn'),
('DDB055', '2025-05-10 12:45:00', 4, 'B05', '12:45', N'Đã nhận bàn'),
('DDB056', '2025-05-12 13:30:00', 3, 'B06', '13:30', N'Đã nhận bàn'),
('DDB057', '2025-05-14 14:15:00', 5, 'B07', '14:15', N'Đã nhận bàn'),
('DDB058', '2025-05-16 15:00:00', 2, 'B08', '15:00', N'Đã nhận bàn'),
('DDB059', '2025-05-18 17:30:00', 6, 'B09', '17:30', N'Đã nhận bàn'),
('DDB060', '2025-05-20 19:00:00', 4, 'B10', '19:00', N'Đã nhận bàn'),
('DDB061', '2025-06-01 08:00:00', 2, 'B01', '08:00', N'Đã nhận bàn'),
('DDB062', '2025-06-03 09:45:00', 4, 'B02', '09:45', N'Đã nhận bàn'),
('DDB063', '2025-06-05 10:30:00', 6, 'B03', '10:30', N'Đã nhận bàn'),
('DDB064', '2025-06-07 11:15:00', 3, 'B04', '11:15', N'Đã nhận bàn'),
('DDB065', '2025-06-09 12:00:00', 5, 'B05', '12:00', N'Đã nhận bàn'),
('DDB066', '2025-06-11 13:45:00', 2, 'B06', '13:45', N'Đã nhận bàn'),
('DDB067', '2025-06-13 14:30:00', 4, 'B07', '14:30', N'Đã nhận bàn'),
('DDB068', '2025-06-15 15:15:00', 6, 'B08', '15:15', N'Đã nhận bàn'),
('DDB069', '2025-06-17 18:00:00', 3, 'B09', '18:00', N'Đã nhận bàn'),
('DDB070', '2025-06-19 20:30:00', 5, 'B10', '20:30', N'Đã nhận bàn'),
('DDB071', '2025-07-02 08:30:00', 4, 'B01', '08:30', N'Đã nhận bàn'),
('DDB072', '2025-07-04 09:15:00', 2, 'B02', '09:15', N'Đã nhận bàn'),
('DDB073', '2025-07-06 10:00:00', 6, 'B03', '10:00', N'Đã nhận bàn'),
('DDB074', '2025-07-08 11:45:00', 3, 'B04', '11:45', N'Đã nhận bàn'),
('DDB075', '2025-07-10 12:30:00', 5, 'B05', '12:30', N'Đã nhận bàn'),
('DDB076', '2025-07-12 13:15:00', 2, 'B06', '13:15', N'Đã nhận bàn'),
('DDB077', '2025-07-14 14:00:00', 4, 'B07', '14:00', N'Đã nhận bàn'),
('DDB078', '2025-07-16 16:00:00', 6, 'B08', '16:00', N'Đã nhận bàn'),
('DDB079', '2025-07-18 18:45:00', 3, 'B09', '18:45', N'Đã nhận bàn'),
('DDB080', '2025-07-20 21:00:00', 5, 'B10', '21:00', N'Đã nhận bàn'),
('DDB081', '2025-08-01 08:15:00', 2, 'B01', '08:15', N'Đã nhận bàn'),
('DDB082', '2025-08-03 09:00:00', 6, 'B02', '09:00', N'Đã nhận bàn'),
('DDB083', '2025-08-05 10:45:00', 3, 'B03', '10:45', N'Đã nhận bàn'),
('DDB084', '2025-08-07 11:30:00', 5, 'B04', '11:30', N'Đã nhận bàn'),
('DDB085', '2025-08-09 12:15:00', 4, 'B05', '12:15', N'Đã nhận bàn'),
('DDB086', '2025-08-11 13:00:00', 2, 'B06', '13:00', N'Đã nhận bàn'),
('DDB087', '2025-08-13 14:45:00', 6, 'B07', '14:45', N'Đã nhận bàn'),
('DDB088', '2025-08-15 16:30:00', 3, 'B08', '16:30', N'Đã nhận bàn'),
('DDB089', '2025-08-17 19:00:00', 5, 'B09', '19:00', N'Đã nhận bàn'),
('DDB090', '2025-08-19 21:45:00', 4, 'B10', '21:45', N'Đã nhận bàn'),
('DDB091', '2025-08-20 20:00:00', 6, 'B01', '20:00', N'Đã nhận bàn'),
('DDB092', '2025-08-21 18:30:00', 3, 'B02', '18:30', N'Đã nhận bàn'),
('DDB093', '2025-08-22 17:00:00', 5, 'B03', '17:00', N'Đã nhận bàn'),
('DDB094', '2025-08-23 16:00:00', 2, 'B04', '16:00', N'Đã nhận bàn'),
('DDB095', '2025-08-24 15:15:00', 4, 'B05', '15:15', N'Đã nhận bàn'),
('DDB096', '2025-08-25 14:00:00', 6, 'B06', '14:00', N'Đã nhận bàn'),
('DDB097', '2025-08-26 13:00:00', 3, 'B07', '13:00', N'Đã nhận bàn'),
('DDB098', '2025-08-27 12:00:00', 5, 'B08', '12:00', N'Đã nhận bàn'),
('DDB099', '2025-08-28 11:00:00', 2, 'B09', '11:00', N'Đã nhận bàn'),
('DDB100', '2025-08-29 10:00:00', 4, 'B10', '10:00', N'Đã nhận bàn'),
('DDB101', '2025-09-02 08:00:00', 2, 'B01', '08:00', N'Đã nhận bàn'),
('DDB102', '2025-09-03 09:30:00', 4, 'B02', '09:30', N'Đã nhận bàn'),
('DDB103', '2025-09-04 11:00:00', 3, 'B03', '11:00', N'Đã nhận bàn'),
('DDB104', '2025-09-05 13:00:00', 5, 'B04', '13:00', N'Đã nhận bàn'),
('DDB105', '2025-09-06 15:00:00', 2, 'B05', '15:00', N'Đã nhận bàn'),
('DDB106', '2025-09-08 08:30:00', 4, 'B06', '08:30', N'Đã nhận bàn'),
('DDB107', '2025-09-10 10:00:00', 6, 'B07', '10:00', N'Đã nhận bàn'),
('DDB108', '2025-09-12 11:30:00', 3, 'B08', '11:30', N'Đã nhận bàn'),
('DDB109', '2025-09-14 13:30:00', 5, 'B09', '13:30', N'Đã nhận bàn'),
('DDB110', '2025-09-16 15:30:00', 2, 'B10', '15:30', N'Đã nhận bàn'),
('DDB111', '2025-10-01 08:00:00', 4, 'B01', '08:00', N'Đã nhận bàn'),
('DDB112', '2025-10-03 09:30:00', 2, 'B02', '09:30', N'Đã nhận bàn'),
('DDB113', '2025-10-05 11:00:00', 6, 'B03', '11:00', N'Đã nhận bàn'),
('DDB114', '2025-10-07 13:00:00', 3, 'B04', '13:00', N'Đã nhận bàn'),
('DDB115', '2025-10-09 15:00:00', 5, 'B05', '15:00', N'Đã nhận bàn'),
('DDB116', '2025-10-11 08:30:00', 4, 'B06', '08:30', N'Đã nhận bàn'),
('DDB117', '2025-10-13 10:30:00', 2, 'B07', '10:30', N'Đã nhận bàn'),
('DDB118', '2025-10-15 12:30:00', 6, 'B08', '12:30', N'Đã nhận bàn'),
('DDB119', '2025-10-17 14:30:00', 3, 'B09', '14:30', N'Đã nhận bàn'),
('DDB120', '2025-10-19 16:30:00', 5, 'B10', '16:30', N'Đã nhận bàn'),
('DDB121', '2025-11-02 08:00:00', 2, 'B01', '08:00', N'Đã nhận bàn'),
('DDB122', '2025-11-04 09:30:00', 4, 'B02', '09:30', N'Đã nhận bàn'),
('DDB123', '2025-11-06 11:30:00', 6, 'B03', '11:30', N'Đã nhận bàn'),
('DDB124', '2025-11-08 13:30:00', 3, 'B04', '13:30', N'Đã nhận bàn'),
('DDB125', '2025-11-10 15:30:00', 5, 'B05', '15:30', N'Đã nhận bàn'),
('DDB126', '2025-11-12 08:30:00', 4, 'B06', '08:30', N'Đã nhận bàn'),
('DDB127', '2025-11-14 10:30:00', 2, 'B07', '10:30', N'Đã nhận bàn'),
('DDB128', '2025-11-16 12:30:00', 6, 'B08', '12:30', N'Đã nhận bàn'),
('DDB129', '2025-11-18 14:30:00', 3, 'B09', '14:30', N'Đã nhận bàn'),
('DDB130', '2025-11-20 16:30:00', 5, 'B10', '16:30', N'Đã nhận bàn'),
('DDB131', '2025-12-01 08:00:00', 4, 'B01', '08:00', N'Đã nhận bàn'),
('DDB132', '2025-12-03 09:30:00', 2, 'B02', '09:30', N'Đã nhận bàn'),
('DDB133', '2025-12-05 11:30:00', 6, 'B03', '11:30', N'Đã nhận bàn'),
('DDB134', '2025-12-07 13:30:00', 3, 'B04', '13:30', N'Đã nhận bàn'),
('DDB135', '2025-12-09 15:30:00', 5, 'B05', '15:30', N'Đã nhận bàn'),
('DDB136', '2025-12-11 08:30:00', 4, 'B06', '08:30', N'Đã nhận bàn'),
('DDB137', '2025-12-13 10:30:00', 2, 'B07', '10:30', N'Đã nhận bàn'),
('DDB138', '2025-12-15 12:30:00', 6, 'B08', '12:30', N'Đã nhận bàn'),
('DDB139', '2025-12-17 14:30:00', 3, 'B09', '14:30', N'Đã nhận bàn'),
('DDB140', '2025-12-19 16:30:00', 5, 'B10', '16:30', N'Đã nhận bàn'),
('DDB141', '2025-12-20 08:00:00', 4, 'B01', '08:00', N'Đã nhận bàn'),
('DDB142', '2025-12-20 09:30:00', 2, 'B02', '09:30', N'Đã nhận bàn'),
('DDB143', '2025-12-20 11:00:00', 6, 'B03', '11:00', N'Đã nhận bàn'),
('DDB144', '2025-12-21 12:30:00', 3, 'B04', '12:30', N'Đã nhận bàn'),
('DDB145', '2025-12-21 14:00:00', 5, 'B05', '14:00', N'Đã nhận bàn'),
('DDB146', '2025-12-21 15:30:00', 4, 'B06', '15:30', N'Đã nhận bàn'),
('DDB147', '2025-12-21 17:00:00', 2, 'B07', '17:00', N'Đã nhận bàn'),
('DDB148', '2025-12-21 18:30:00', 6, 'B08', '18:30', N'Đã nhận bàn'),
('DDB149', '2025-12-21 20:00:00', 3, 'B09', '20:00', N'Đã nhận bàn'),
('DDB150', '2025-12-21 21:30:00', 5, 'B10', '21:30', N'Đã nhận bàn');

INSERT INTO HoaDon
(maHD, ngayLap, tongTien, thue, trangThai, kieuThanhToan, tienNhan, tienThua, maKH, maKM, maNV, maDatBan, maCoc)
VALUES
('HD001', '2025-01-02', 1500000, 150000, 'Hiện tại', 'Tiền mặt', 2000000, 350000, 'KH0001', 'KM001', 'NV001', 'DDB001', NULL),
('HD002', '2025-01-05', 2000000, 200000, 'Đặt trước', 'Chuyển khoản', 2000000, 0, 'KH0002', 'KM002', 'NV002', 'DDB002', NULL),
('HD003', '2025-01-07', 1200000, 120000, 'Hiện tại', 'Tiền mặt', 1500000, 210000, 'KH0003', 'KM003', 'NV003', 'DDB003', NULL),
('HD004', '2025-01-10', 1800000, 180000, 'Đặt trước', 'Chuyển khoản', 1800000, 0, 'KH0004', 'KM004', 'NV004', 'DDB004', NULL),
('HD005', '2025-01-12', 1600000, 160000, 'Hiện tại', 'Tiền mặt', 2000000, 240000, 'KH0005', 'KM005', 'NV005', 'DDB005', NULL),
('HD006', '2025-01-15', 1400000, 140000, 'Đặt trước', 'Chuyển khoản', 1400000, 0, 'KH0006', 'KM006', 'NV006', 'DDB006', NULL),
('HD007', '2025-01-18', 2100000, 210000, 'Hiện tại', 'Tiền mặt', 2500000, 290000, 'KH0007', 'KM007', 'NV007', 'DDB007', NULL),
('HD008', '2025-01-20', 1300000, 130000, 'Đặt trước', 'Chuyển khoản', 1300000, 0, 'KH0008', 'KM008', 'NV008', 'DDB008', NULL),
('HD009', '2025-01-23', 2200000, 220000, 'Hiện tại', 'Tiền mặt', 2500000, 300000, 'KH0009', 'KM009', 'NV009', 'DDB009', NULL),
('HD010', '2025-01-25', 1800000, 180000, 'Đặt trước', 'Chuyển khoản', 1800000, 0, 'KH0010', 'KM001', 'NV010', 'DDB010', NULL),
('HD011', '2025-01-28', 1500000, 150000, 'Hiện tại', 'Tiền mặt', 2000000, 350000, 'KH0011', 'KM002', 'NV011', 'DDB011', NULL),
('HD012', '2025-01-30', 2000000, 200000, 'Đặt trước', 'Chuyển khoản', 2000000, 0, 'KH0012', 'KM003', 'NV012', 'DDB012', NULL),
('HD013', '2025-02-02', 1200000, 120000, 'Hiện tại', 'Tiền mặt', 1500000, 210000, 'KH0013', 'KM004', 'NV013', 'DDB013', NULL),
('HD014', '2025-02-05', 1800000, 180000, 'Đặt trước', 'Chuyển khoản', 1800000, 0, 'KH0014', 'KM005', 'NV014', 'DDB014', NULL),
('HD015', '2025-02-07', 1600000, 160000, 'Hiện tại', 'Tiền mặt', 2000000, 240000, 'KH0015', 'KM006', 'NV015', 'DDB015', NULL),
('HD016', '2025-02-10', 1400000, 140000, 'Đặt trước', 'Chuyển khoản', 1400000, 0, 'KH0016', 'KM007', 'NV016', 'DDB016', NULL),
('HD017', '2025-02-12', 2100000, 210000, 'Hiện tại', 'Tiền mặt', 2500000, 290000, 'KH0017', 'KM008', 'NV017', 'DDB017', NULL),
('HD018', '2025-02-15', 1300000, 130000, 'Đặt trước', 'Chuyển khoản', 1300000, 0, 'KH0018', 'KM009', 'NV018', 'DDB018', NULL),
('HD019', '2025-02-18', 2200000, 220000, 'Hiện tại', 'Tiền mặt', 2500000, 300000, 'KH0019', 'KM001', 'NV019', 'DDB019', NULL),
('HD020', '2025-02-20', 1800000, 180000, 'Đặt trước', 'Chuyển khoản', 1800000, 0, 'KH0020', 'KM002', 'NV020', 'DDB020', NULL),
('HD021', '2025-02-23', 1500000, 150000, 'Hiện tại', 'Tiền mặt', 2000000, 350000, 'KH0021', 'KM003', 'NV021', 'DDB021', NULL),
('HD022', '2025-02-25', 2000000, 200000, 'Đặt trước', 'Chuyển khoản', 2000000, 0, 'KH0022', 'KM004', 'NV022', 'DDB022', NULL),
('HD023', '2025-02-28', 1200000, 120000, 'Hiện tại', 'Tiền mặt', 1500000, 210000, 'KH0023', 'KM005', 'NV023', 'DDB023', NULL),
('HD024', '2025-03-02', 1800000, 180000, 'Đặt trước', 'Chuyển khoản', 1800000, 0, 'KH0024', 'KM006', 'NV024', 'DDB024', NULL),
('HD025', '2025-03-05', 1600000, 160000, 'Hiện tại', 'Tiền mặt', 2000000, 240000, 'KH0025', 'KM007', 'NV025', 'DDB025', NULL),
('HD026', '2025-03-07', 1400000, 140000, 'Đặt trước', 'Chuyển khoản', 1400000, 0, 'KH0026', 'KM008', 'NV026', 'DDB026', NULL),
('HD027', '2025-03-10', 2100000, 210000, 'Hiện tại', 'Tiền mặt', 2500000, 290000, 'KH0027', 'KM009', 'NV027', 'DDB027', NULL),
('HD028', '2025-03-12', 1300000, 130000, 'Đặt trước', 'Chuyển khoản', 1300000, 0, 'KH0028', 'KM001', 'NV028', 'DDB028', NULL),
('HD029', '2025-03-15', 2200000, 220000, 'Hiện tại', 'Tiền mặt', 2500000, 300000, 'KH0029', 'KM002', 'NV029', 'DDB029', NULL),
('HD030', '2025-03-18', 1800000, 180000, 'Đặt trước', 'Chuyển khoản', 1800000, 0, 'KH0030', 'KM003', 'NV030', 'DDB030', NULL),
('HD031', '2025-03-20', 1500000, 150000, 'Hiện tại', 'Tiền mặt', 2000000, 350000, 'KH0031', 'KM004', 'NV031', 'DDB031', NULL),
('HD032', '2025-03-23', 2000000, 200000, 'Đặt trước', 'Chuyển khoản', 2000000, 0, 'KH0032', 'KM005', 'NV032', 'DDB032', NULL),
('HD033', '2025-03-25', 1200000, 120000, 'Hiện tại', 'Tiền mặt', 1500000, 210000, 'KH0033', 'KM006', 'NV033', 'DDB033', NULL),
('HD034', '2025-03-28', 1800000, 180000, 'Đặt trước', 'Chuyển khoản', 1800000, 0, 'KH0034', 'KM007', 'NV034', 'DDB034', NULL),
('HD035', '2025-03-30', 1600000, 160000, 'Hiện tại', 'Tiền mặt', 2000000, 240000, 'KH0035', 'KM008', 'NV035', 'DDB035', NULL),
('HD036', '2025-04-02', 1400000, 140000, 'Đặt trước', 'Chuyển khoản', 1400000, 0, 'KH0036', 'KM009', 'NV036', 'DDB036', NULL),
('HD037', '2025-04-05', 2100000, 210000, 'Hiện tại', 'Tiền mặt', 2500000, 290000, 'KH0037', 'KM001', 'NV037', 'DDB037', NULL),
('HD038', '2025-04-07', 1300000, 130000, 'Đặt trước', 'Chuyển khoản', 1300000, 0, 'KH0038', 'KM002', 'NV038', 'DDB038', NULL),
('HD039', '2025-04-10', 2200000, 220000, 'Hiện tại', 'Tiền mặt', 2500000, 300000, 'KH0039', 'KM003', 'NV039', 'DDB039', NULL),
('HD040', '2025-04-12', 1800000, 180000, 'Đặt trước', 'Chuyển khoản', 1800000, 0, 'KH0040', 'KM004', 'NV040', 'DDB040', NULL),
('HD041', '2025-04-15', 1500000, 150000, 'Hiện tại', 'Tiền mặt', 2000000, 350000, 'KH0041', 'KM005', 'NV041', 'DDB041', NULL),
('HD042', '2025-04-18', 2000000, 200000, 'Đặt trước', 'Chuyển khoản', 2000000, 0, 'KH0042', 'KM006', 'NV042', 'DDB042', NULL),
('HD043', '2025-04-20', 1200000, 120000, 'Hiện tại', 'Tiền mặt', 1500000, 210000, 'KH0043', 'KM007', 'NV043', 'DDB043', NULL),
('HD044', '2025-04-23', 1800000, 180000, 'Đặt trước', 'Chuyển khoản', 1800000, 0, 'KH0044', 'KM008', 'NV044', 'DDB044', NULL),
('HD045', '2025-04-25', 1600000, 160000, 'Hiện tại', 'Tiền mặt', 2000000, 240000, 'KH0045', 'KM009', 'NV045', 'DDB045', NULL),
('HD046', '2025-04-28', 1400000, 140000, 'Đặt trước', 'Chuyển khoản', 1400000, 0, 'KH0046', 'KM001', 'NV046', 'DDB046', NULL),
('HD047', '2025-04-30', 2100000, 210000, 'Hiện tại', 'Tiền mặt', 2500000, 290000, 'KH0047', 'KM002', 'NV047', 'DDB047', NULL),
('HD048', '2025-05-03', 1300000, 130000, 'Đặt trước', 'Chuyển khoản', 1300000, 0, 'KH0048', 'KM003', 'NV048', 'DDB048', NULL),
('HD049', '2025-05-05', 2200000, 220000, 'Hiện tại', 'Tiền mặt', 2500000, 300000, 'KH0049', 'KM004', 'NV049', 'DDB049', NULL),
('HD050', '2025-05-08', 1800000, 180000, 'Đặt trước', 'Chuyển khoản', 1800000, 0, 'KH0050', 'KM005', 'NV049', 'DDB050', NULL),
('HD051', '2025-05-08', 1500000, 150000, 'Hiện tại', 'Tiền mặt', 2000000, 350000, 'KH0051', 'KM006', 'NV004', 'DDB051', NULL),
('HD052', '2025-05-11', 2000000, 200000, 'Đặt trước', 'Chuyển khoản', 2000000, 0, 'KH0052', 'KM007', 'NV004', 'DDB052', NULL),
('HD053', '2025-05-14', 1200000, 120000, 'Hiện tại', 'Tiền mặt', 1500000, 210000, 'KH0053', 'KM008', 'NV004', 'DDB053', NULL),
('HD054', '2025-05-17', 1800000, 180000, 'Đặt trước', 'Chuyển khoản', 1800000, 0, 'KH0054', 'KM009', 'NV004', 'DDB054', NULL),
('HD055', '2025-05-20', 1600000, 160000, 'Hiện tại', 'Tiền mặt', 2000000, 240000, 'KH0055', 'KM001', 'NV005', 'DDB055', NULL),
('HD056', '2025-05-23', 1400000, 140000, 'Đặt trước', 'Chuyển khoản', 1400000, 0, 'KH0056', 'KM002', 'NV006', 'DDB056', NULL),
('HD057', '2025-05-26', 2100000, 210000, 'Hiện tại', 'Tiền mặt', 2500000, 290000, 'KH0057', 'KM003', 'NV007', 'DDB057', NULL),
('HD058', '2025-05-29', 1300000, 130000, 'Đặt trước', 'Chuyển khoản', 1300000, 0, 'KH0058', 'KM004', 'NV008', 'DDB058', NULL),
('HD059', '2025-06-01', 2200000, 220000, 'Hiện tại', 'Tiền mặt', 2500000, 300000, 'KH0059', 'KM005', 'NV009', 'DDB059', NULL),
('HD060', '2025-06-04', 1800000, 180000, 'Đặt trước', 'Chuyển khoản', 1800000, 0, 'KH0060', 'KM006', 'NV006', 'DDB060', NULL),
('HD061', '2025-06-07', 1500000, 150000, 'Hiện tại', 'Tiền mặt', 2000000, 350000, 'KH0061', 'KM007', 'NV001', 'DDB061', NULL),
('HD062', '2025-06-10', 2000000, 200000, 'Đặt trước', 'Chuyển khoản', 2000000, 0, 'KH0062', 'KM008', 'NV002', 'DDB062', NULL),
('HD063', '2025-06-13', 1200000, 120000, 'Hiện tại', 'Tiền mặt', 1500000, 210000, 'KH0063', 'KM009', 'NV003', 'DDB063', NULL),
('HD064', '2025-06-16', 1800000, 180000, 'Đặt trước', 'Chuyển khoản', 1800000, 0, 'KH0064', 'KM001', 'NV004', 'DDB064', NULL),
('HD065', '2025-06-19', 1600000, 160000, 'Hiện tại', 'Tiền mặt', 2000000, 240000, 'KH0065', 'KM002', 'NV005', 'DDB065', NULL),
('HD066', '2025-06-22', 1400000, 140000, 'Đặt trước', 'Chuyển khoản', 1400000, 0, 'KH0066', 'KM003', 'NV006', 'DDB066', NULL),
('HD067', '2025-06-25', 2100000, 210000, 'Hiện tại', 'Tiền mặt', 2500000, 290000, 'KH0067', 'KM004', 'NV007', 'DDB067', NULL),
('HD068', '2025-06-28', 1300000, 130000, 'Đặt trước', 'Chuyển khoản', 1300000, 0, 'KH0068', 'KM005', 'NV008', 'DDB068', NULL),
('HD069', '2025-07-01', 2200000, 220000, 'Hiện tại', 'Tiền mặt', 2500000, 300000, 'KH0069', 'KM006', 'NV009', 'DDB069', NULL),
('HD070', '2025-07-04', 1800000, 180000, 'Đặt trước', 'Chuyển khoản', 1800000, 0, 'KH0070', 'KM007', 'NV009', 'DDB070', NULL),
('HD071', '2025-07-07', 1500000, 150000, 'Hiện tại', 'Tiền mặt', 2000000, 350000, 'KH0071', 'KM008', 'NV001', 'DDB071', NULL),
('HD072', '2025-07-10', 2000000, 200000, 'Đặt trước', 'Chuyển khoản', 2000000, 0, 'KH0072', 'KM009', 'NV002', 'DDB072', NULL),
('HD073', '2025-07-13', 1200000, 120000, 'Hiện tại', 'Tiền mặt', 1500000, 210000, 'KH0073', 'KM001', 'NV003', 'DDB073', NULL),
('HD074', '2025-07-16', 1800000, 180000, 'Đặt trước', 'Chuyển khoản', 1800000, 0, 'KH0074', 'KM002', 'NV004', 'DDB074', NULL),
('HD075', '2025-07-19', 1600000, 160000, 'Hiện tại', 'Tiền mặt', 2000000, 240000, 'KH0075', 'KM003', 'NV005', 'DDB075', NULL),
('HD076', '2025-07-22', 1400000, 140000, 'Đặt trước', 'Chuyển khoản', 1400000, 0, 'KH0076', 'KM004', 'NV006', 'DDB076', NULL),
('HD077', '2025-07-25', 2100000, 210000, 'Hiện tại', 'Tiền mặt', 2500000, 290000, 'KH0077', 'KM005', 'NV007', 'DDB077', NULL),
('HD078', '2025-07-28', 1300000, 130000, 'Đặt trước', 'Chuyển khoản', 1300000, 0, 'KH0078', 'KM006', 'NV008', 'DDB078', NULL),
('HD079', '2025-07-31', 2200000, 220000, 'Hiện tại', 'Tiền mặt', 2500000, 300000, 'KH0079', 'KM007', 'NV009', 'DDB079', NULL),
('HD080', '2025-08-03', 1800000, 180000, 'Đặt trước', 'Chuyển khoản', 1800000, 0, 'KH0080', 'KM008', 'NV003', 'DDB080', NULL),
('HD081', '2025-08-06', 1500000, 150000, 'Hiện tại', 'Tiền mặt', 2000000, 350000, 'KH0081', 'KM009', 'NV001', 'DDB081', NULL),
('HD082', '2025-08-09', 2000000, 200000, 'Đặt trước', 'Chuyển khoản', 2000000, 0, 'KH0082', 'KM001', 'NV002', 'DDB082', NULL),
('HD083', '2025-08-12', 1200000, 120000, 'Hiện tại', 'Tiền mặt', 1500000, 210000, 'KH0083', 'KM002', 'NV003', 'DDB083', NULL),
('HD084', '2025-08-15', 1800000, 180000, 'Đặt trước', 'Chuyển khoản', 1800000, 0, 'KH0084', 'KM003', 'NV004', 'DDB084', NULL),
('HD085', '2025-08-18', 1600000, 160000, 'Hiện tại', 'Tiền mặt', 2000000, 240000, 'KH0085', 'KM004', 'NV005', 'DDB085', NULL),
('HD086', '2025-08-21', 1400000, 140000, 'Đặt trước', 'Chuyển khoản', 1400000, 0, 'KH0086', 'KM005', 'NV006', 'DDB086', NULL),
('HD087', '2025-08-24', 2100000, 210000, 'Hiện tại', 'Tiền mặt', 2500000, 290000, 'KH0087', 'KM006', 'NV007', 'DDB087', NULL),
('HD088', '2025-08-27', 1300000, 130000, 'Đặt trước', 'Chuyển khoản', 1300000, 0, 'KH0088', 'KM007', 'NV008', 'DDB088', NULL),
('HD089', '2025-08-30', 2200000, 220000, 'Hiện tại', 'Tiền mặt', 2500000, 300000, 'KH0089', 'KM008', 'NV009', 'DDB089', NULL),
('HD090', '2025-09-02', 1800000, 180000, 'Đặt trước', 'Chuyển khoản', 1800000, 0, 'KH0090', 'KM009', 'NV005', 'DDB090', NULL),
('HD091', '2025-09-02', 1500000, 150000, 'Hiện tại', 'Tiền mặt', 2000000, 350000, 'KH0091', 'KM001', 'NV001', 'DDB091', NULL),
('HD092', '2025-09-02', 2000000, 200000, 'Đặt trước', 'Chuyển khoản', 2000000, 0, 'KH0092', 'KM002', 'NV002', 'DDB092', NULL),
('HD093', '2025-09-02', 1200000, 120000, 'Hiện tại', 'Tiền mặt', 1500000, 210000, 'KH0093', 'KM003', 'NV003', 'DDB093', NULL),
('HD094', '2025-09-02', 1800000, 180000, 'Đặt trước', 'Chuyển khoản', 1800000, 0, 'KH0094', 'KM004', 'NV004', 'DDB094', NULL),
('HD095', '2025-09-02', 1600000, 160000, 'Hiện tại', 'Tiền mặt', 2000000, 240000, 'KH0095', 'KM005', 'NV005', 'DDB095', NULL),
('HD096', '2025-09-02', 1400000, 140000, 'Đặt trước', 'Chuyển khoản', 1400000, 0, 'KH0096', 'KM006', 'NV006', 'DDB096', NULL),
('HD097', '2025-09-02', 2100000, 210000, 'Hiện tại', 'Tiền mặt', 2500000, 290000, 'KH0097', 'KM007', 'NV007', 'DDB097', NULL),
('HD098', '2025-09-02', 1300000, 130000, 'Đặt trước', 'Chuyển khoản', 1300000, 0, 'KH0098', 'KM008', 'NV008', 'DDB098', NULL),
('HD099', '2025-09-02', 2200000, 220000, 'Hiện tại', 'Tiền mặt', 2500000, 300000, 'KH0099', 'KM009', 'NV009', 'DDB099', NULL),
('HD100', '2025-09-02', 1200000, 120000, 'Hiện tại', 'Tiền mặt', 1500000, 210000, 'KH0093', 'KM003', 'NV003', 'DDB100', NULL),
('HD101','2025-09-06',1200000,120000,'Hiện tại','Tiền mặt',1500000,180000,'KH0001','KM001','NV001','DDB101',NULL),
('HD102','2025-09-07',1500000,150000,'Đặt trước','Chuyển khoản',1500000,0,'KH0002','KM001','NV002','DDB102',NULL),
('HD103','2025-09-08',1800000,180000,'Hiện tại','Tiền mặt',2200000,220000,'KH0003','KM002','NV003','DDB103',NULL),
('HD104','2025-09-06',2000000,200000,'Đặt trước','Chuyển khoản',2000000,0,'KH0004','KM002','NV004','DDB104',NULL),
('HD105','2025-09-07',1000000,100000,'Hiện tại','Tiền mặt',1200000,100000,'KH0005','KM001','NV005','DDB105',NULL),
('HD106','2025-09-08',1600000,160000,'Đặt trước','Chuyển khoản',1600000,0,'KH0006','KM001','NV001','DDB106',NULL),
('HD107','2025-09-10',2200000,220000,'Hiện tại','Tiền mặt',2600000,180000,'KH0007','KM002','NV002','DDB107',NULL),
('HD108','2025-09-12',1400000,140000,'Hiện tại','Tiền mặt',1700000,160000,'KH0008','KM001','NV003','DDB108',NULL),
('HD109','2025-09-14',1900000,190000,'Đặt trước','Chuyển khoản',1900000,0,'KH0009','KM002','NV004','DDB109',NULL),
('HD110','2025-09-16',1100000,110000,'Hiện tại','Tiền mặt',1300000,80000,'KH0010','KM001','NV005','DDB110',NULL),
('HD111','2025-10-01',1700000,170000,'Đặt trước','Chuyển khoản',1700000,0,'KH0011','KM001','NV001','DDB111',NULL),
('HD112','2025-10-03',1300000,130000,'Hiện tại','Tiền mặt',1600000,170000,'KH0012','KM002','NV002','DDB112',NULL),
('HD113','2025-10-05',2500000,250000,'Hiện tại','Tiền mặt',3000000,250000,'KH0013','KM002','NV003','DDB113',NULL),
('HD114','2025-10-07',1500000,150000,'Đặt trước','Chuyển khoản',1500000,0,'KH0014','KM001','NV004','DDB114',NULL),
('HD115','2025-10-09',1800000,180000,'Hiện tại','Tiền mặt',2100000,120000,'KH0015','KM001','NV005','DDB115',NULL),
('HD116','2025-10-11',1600000,160000,'Đặt trước','Chuyển khoản',1600000,0,'KH0016','KM002','NV001','DDB116',NULL),
('HD117','2025-10-13',1200000,120000,'Hiện tại','Tiền mặt',1500000,180000,'KH0017','KM001','NV002','DDB117',NULL),
('HD118','2025-10-15',2400000,240000,'Hiện tại','Tiền mặt',2900000,260000,'KH0018','KM002','NV003','DDB118',NULL),
('HD119','2025-10-17',1700000,170000,'Đặt trước','Chuyển khoản',1700000,0,'KH0019','KM001','NV004','DDB119',NULL),
('HD120','2025-10-19',2000000,200000,'Hiện tại','Tiền mặt',2400000,200000,'KH0020','KM002','NV005','DDB120',NULL),
('HD121','2025-11-02',1100000,110000,'Hiện tại','Tiền mặt',1300000,90000,'KH0021','KM001','NV001','DDB121',NULL),
('HD122','2025-11-04',1600000,160000,'Đặt trước','Chuyển khoản',1600000,0,'KH0022','KM002','NV002','DDB122',NULL),
('HD123','2025-11-06',2300000,230000,'Hiện tại','Tiền mặt',2800000,240000,'KH0023','KM002','NV003','DDB123',NULL),
('HD124','2025-11-08',1400000,140000,'Đặt trước','Chuyển khoản',1400000,0,'KH0024','KM001','NV004','DDB124',NULL),
('HD125','2025-11-10',1900000,190000,'Hiện tại','Tiền mặt',2300000,210000,'KH0025','KM002','NV005','DDB125',NULL),
('HD126','2025-11-12',1500000,150000,'Đặt trước','Chuyển khoản',1500000,0,'KH0026','KM001','NV001','DDB126',NULL),
('HD127','2025-11-14',1200000,120000,'Hiện tại','Tiền mặt',1500000,180000,'KH0027','KM001','NV002','DDB127',NULL),
('HD128','2025-11-16',2600000,260000,'Hiện tại','Tiền mặt',3100000,240000,'KH0028','KM002','NV003','DDB128',NULL),
('HD129','2025-11-18',1700000,170000,'Đặt trước','Chuyển khoản',1700000,0,'KH0029','KM001','NV004','DDB129',NULL),
('HD130','2025-11-20',2100000,210000,'Hiện tại','Tiền mặt',2600000,280000,'KH0030','KM002','NV005','DDB130',NULL),
('HD131','2025-12-01',1800000,180000,'Hiện tại','Tiền mặt',2200000,200000,'KH0031','KM001','NV001','DDB131',NULL),
('HD132','2025-12-03',1300000,130000,'Đặt trước','Chuyển khoản',1300000,0,'KH0032','KM001','NV002','DDB132',NULL),
('HD133','2025-12-05',2500000,250000,'Hiện tại','Tiền mặt',3000000,250000,'KH0033','KM002','NV003','DDB133',NULL),
('HD134','2025-12-07',1500000,150000,'Đặt trước','Chuyển khoản',1500000,0,'KH0034','KM001','NV004','DDB134',NULL),
('HD135','2025-12-09',2000000,200000,'Hiện tại','Tiền mặt',2400000,200000,'KH0035','KM002','NV005','DDB135',NULL),
('HD136','2025-12-11',1600000,160000,'Đặt trước','Chuyển khoản',1600000,0,'KH0036','KM001','NV001','DDB136',NULL),
('HD137','2025-12-13',1200000,120000,'Hiện tại','Tiền mặt',1500000,180000,'KH0037','KM001','NV002','DDB137',NULL),
('HD138','2025-12-15',2600000,260000,'Hiện tại','Tiền mặt',3100000,240000,'KH0038','KM002','NV003','DDB138',NULL),
('HD139','2025-12-17',1700000,170000,'Đặt trước','Chuyển khoản',1700000,0,'KH0039','KM001','NV004','DDB139',NULL),
('HD140','2025-12-19',2100000,210000,'Hiện tại','Tiền mặt',2600000,280000,'KH0040','KM002','NV005','DDB140',NULL),
('HD141','2025-12-20',1800000,180000,'Hiện tại','Tiền mặt',2200000,200000,'KH0041','KM001','NV001','DDB141',NULL),
('HD142','2025-12-20',1300000,130000,'Đặt trước','Chuyển khoản',1300000,0,'KH0042','KM001','NV002','DDB142',NULL),
('HD143','2025-12-20',2500000,250000,'Hiện tại','Tiền mặt',3000000,250000,'KH0043','KM002','NV003','DDB143',NULL),
('HD144','2025-12-21',1500000,150000,'Đặt trước','Chuyển khoản',1500000,0,'KH0044','KM001','NV004','DDB144',NULL),
('HD145','2025-12-21',2000000,200000,'Hiện tại','Tiền mặt',2400000,200000,'KH0045','KM002','NV005','DDB145',NULL),
('HD146','2025-12-21',1600000,160000,'Đặt trước','Chuyển khoản',1600000,0,'KH0046','KM001','NV001','DDB146',NULL),
('HD147','2025-12-21',1200000,120000,'Hiện tại','Tiền mặt',1500000,180000,'KH0047','KM001','NV002','DDB147',NULL),
('HD148','2025-12-21',2600000,260000,'Hiện tại','Tiền mặt',3100000,240000,'KH0048','KM002','NV003','DDB148',NULL),
('HD149','2025-12-21',1700000,170000,'Đặt trước','Chuyển khoản',1700000,0,'KH0049','KM001','NV004','DDB149',NULL),
('HD150','2025-12-21',2100000,210000,'Hiện tại','Tiền mặt',2600000,280000,'KH0050','KM002','NV005','DDB150',NULL);

INSERT INTO MonAn (maMon, tenMon, donGia, duongDanAnh, loaiMon) VALUES
('M005', N'Bánh bột lọc', 60000, 'C:\\Users\\ADMIN\\Downloads\\NH\\BANHBOTLOC.jpg', N'Món chính'),
('M006', N'Bánh xèo', 70000, 'C:\\Users\\ADMIN\\Downloads\\NH\\BANHXEO.jpg', N'Món chính'),
('M007', N'Bún', 80000, 'C:\\Users\\ADMIN\\Downloads\\NH\\BUN.jpg', N'Món chính'),
('M008', N'Bún bò', 70000, 'C:\\Users\\ADMIN\\Downloads\\NH\\BUNBO.jpg', N'Món chính'),
('M009', N'Bún chả', 75000, 'C:\\Users\\ADMIN\\Downloads\\NH\\BUNCHA.jpg', N'Món chính'),
('M010', N'Cá', 90000, 'C:\\Users\\ADMIN\\Downloads\\NH\\CA.jpg', N'Món chính'),
('M011', N'Mì xào nấm', 65000, 'C:\\Users\\ADMIN\\Downloads\\NH\\CAOLAU.jpg', N'Món chính'),
('M012', N'Chả giò', 50000, 'C:\\Users\\ADMIN\\Downloads\\NH\\CHA.jpg', N'Món chính'),
('M013', N'Chè', 30000, 'C:\\Users\\ADMIN\\Downloads\\NH\\CHE.jpg', N'Tráng miệng'),
('M014', N'Cơm', 60000, 'C:\\Users\\ADMIN\\Downloads\\NH\\COM.jpg', N'Tráng miệng'),
('M016', N'Gỏi cuốn', 45000, 'C:\\Users\\ADMIN\\Downloads\\NH\\GOICUON.jpg', N'Món chính'),
('M017', N'Phở gà', 40000, 'C:\\Users\\ADMIN\\Downloads\\NH\\PHO.jpg', N'Món chính'),
('M018', N'Sườn nướng', 120000, 'C:\\Users\\ADMIN\\Downloads\\NH\\SUON.jpg', N'Món chính'),
('M019', N'Vịt', 110000, 'C:\\Users\\ADMIN\\Downloads\\NH\\VIT.jpg', N'Món chính'),
('M023', N'Cá chiên', 50000, 'C:\\Users\\ADMIN\\Downloads\\NH\\CACHIEN.jpg', N'Món chính'),
('M026', N'Lẩu Thái', 120000, 'C:\\Users\\ADMIN\\Downloads\\NH\\LAU.jpg', N'Món chính'),
('M027', N'Mực', 40000, 'C:\\Users\\ADMIN\\Downloads\\NH\\MUC.jpg', N'Món chính'),
('M028', N'Nước ngọt', 45000, 'C:\\Users\\ADMIN\\Downloads\\NH\\NUOC.jpg', N'Nước'),
('M029', N'Nước suối', 135000, 'C:\\Users\\ADMIN\\Downloads\\NH\\NUOC1.jpg', N'Nước'),
('M030', N'Rau', 115000, 'C:\\Users\\ADMIN\\Downloads\\NH\\RAU.jpg', N'Tráng miệng'),
('M031', N'Tôm', 37000, 'C:\\Users\\ADMIN\\Downloads\\NH\\TOM.jpg', N'Món chính');

INSERT INTO ChiTietHoaDon (maHD, maMon, soLuong, thanhTien) VALUES
('HD001', 'M005', 2, 120000),
('HD002', 'M006', 1, 70000),
('HD003', 'M007', 3, 240000),
('HD004', 'M008', 1, 70000),
('HD005', 'M009', 2, 150000),
('HD006', 'M010', 1, 90000),
('HD007', 'M011', 2, 130000),
('HD008', 'M012', 1, 50000),
('HD009', 'M013', 3, 90000),
('HD010', 'M014', 2, 120000),
('HD011', 'M016', 1, 45000),
('HD012', 'M017', 2, 80000),
('HD013', 'M018', 1, 120000),
('HD014', 'M019', 3, 330000),
('HD015', 'M023', 2, 100000),
('HD016', 'M026', 1, 120000),
('HD017', 'M027', 2, 80000),
('HD018', 'M028', 1, 45000),
('HD019', 'M029', 2, 270000),
('HD020', 'M030', 1, 115000),
('HD021', 'M031', 3, 111000),
('HD022', 'M005', 1, 60000),
('HD023', 'M006', 2, 140000),
('HD024', 'M007', 1, 80000),
('HD025', 'M008', 2, 140000),
('HD026', 'M009', 1, 75000),
('HD027', 'M010', 3, 270000),
('HD028', 'M011', 1, 65000),
('HD029', 'M012', 2, 100000),
('HD030', 'M013', 1, 30000),
('HD031', 'M014', 3, 180000),
('HD032', 'M016', 2, 90000),
('HD033', 'M017', 1, 40000),
('HD034', 'M018', 2, 240000),
('HD035', 'M019', 1, 110000),
('HD036', 'M023', 2, 100000),
('HD037', 'M026', 1, 120000),
('HD038', 'M027', 3, 120000),
('HD039', 'M028', 2, 90000),
('HD040', 'M029', 1, 135000),
('HD041', 'M030', 2, 230000),
('HD042', 'M031', 1, 37000),
('HD043', 'M005', 3, 180000),
('HD044', 'M006', 2, 140000),
('HD045', 'M007', 1, 80000),
('HD046', 'M008', 2, 140000),
('HD047', 'M009', 1, 75000),
('HD048', 'M010', 3, 270000),
('HD049', 'M011', 1, 65000),
('HD050', 'M012', 2, 100000),
('HD051', 'M013', 2, 60000),
('HD052', 'M014', 1, 60000),
('HD053', 'M016', 3, 135000),
('HD054', 'M017', 2, 80000),
('HD055', 'M018', 1, 120000),
('HD056', 'M019', 2, 220000),
('HD057', 'M023', 1, 50000),
('HD058', 'M026', 3, 360000),
('HD059', 'M027', 2, 80000),
('HD060', 'M028', 1, 45000),
('HD061', 'M029', 2, 270000),
('HD062', 'M030', 1, 115000),
('HD063', 'M031', 3, 111000),
('HD064', 'M005', 2, 120000),
('HD065', 'M006', 1, 70000),
('HD066', 'M007', 3, 240000),
('HD067', 'M008', 2, 140000),
('HD068', 'M009', 1, 75000),
('HD069', 'M010', 2, 180000),
('HD070', 'M011', 1, 65000),
('HD071', 'M012', 3, 150000),
('HD072', 'M013', 1, 30000),
('HD073', 'M014', 2, 120000),
('HD074', 'M016', 1, 45000),
('HD075', 'M017', 3, 120000),
('HD076', 'M018', 2, 240000),
('HD077', 'M019', 1, 110000),
('HD078', 'M023', 3, 150000),
('HD079', 'M026', 2, 240000),
('HD080', 'M027', 1, 40000),
('HD081', 'M028', 2, 90000),
('HD082', 'M029', 1, 135000),
('HD083', 'M030', 3, 345000),
('HD084', 'M031', 2, 74000),
('HD085', 'M005', 1, 60000),
('HD086', 'M006', 3, 210000),
('HD087', 'M007', 2, 160000),
('HD088', 'M008', 1, 70000),
('HD089', 'M009', 2, 150000),
('HD090', 'M010', 1, 90000),
('HD091', 'M011', 3, 195000),
('HD092', 'M012', 2, 100000),
('HD093', 'M013', 1, 30000),
('HD094', 'M014', 2, 120000),
('HD095', 'M016', 3, 135000),
('HD096', 'M017', 1, 40000),
('HD097', 'M018', 2, 240000),
('HD098', 'M019', 1, 110000),
('HD099', 'M023', 2, 100000),
('HD100', 'M026', 1, 120000),
('HD101', 'M027', 2, 80000),
('HD102', 'M028', 1, 45000),
('HD103', 'M029', 3, 405000),
('HD104', 'M030', 2, 230000),
('HD105', 'M031', 1, 37000),
('HD106', 'M005', 3, 180000),
('HD107', 'M006', 1, 70000),
('HD108', 'M007', 2, 160000),
('HD109', 'M008', 1, 70000),
('HD110', 'M009', 2, 150000),
('HD111', 'M010', 1, 90000),
('HD112', 'M011', 3, 195000),
('HD113', 'M012', 2, 100000),
('HD114', 'M013', 1, 30000),
('HD115', 'M014', 3, 180000),
('HD116', 'M016', 2, 90000),
('HD117', 'M017', 1, 40000),
('HD118', 'M018', 2, 240000),
('HD119', 'M019', 3, 330000),
('HD120', 'M023', 1, 50000),
('HD121', 'M026', 2, 240000),
('HD122', 'M027', 1, 40000),
('HD123', 'M028', 3, 135000),
('HD124', 'M029', 2, 270000),
('HD125', 'M030', 1, 115000),
('HD126', 'M031', 2, 74000),
('HD127', 'M005', 1, 60000),
('HD128', 'M006', 3, 210000),
('HD129', 'M007', 2, 160000),
('HD130', 'M008', 1, 70000),
('HD131', 'M009', 3, 225000),
('HD132', 'M010', 2, 180000),
('HD133', 'M011', 1, 65000),
('HD134', 'M012', 3, 150000),
('HD135', 'M013', 2, 60000),
('HD136', 'M014', 1, 60000),
('HD137', 'M016', 3, 135000),
('HD138', 'M017', 2, 80000),
('HD139', 'M018', 1, 120000),
('HD140', 'M019', 2, 220000),
('HD141', 'M023', 3, 150000),
('HD142', 'M026', 1, 120000),
('HD143', 'M027', 2, 80000),
('HD144', 'M028', 1, 45000),
('HD145', 'M029', 3, 405000),
('HD146', 'M030', 2, 230000),
('HD147', 'M031', 1, 37000),
('HD148', 'M005', 2, 120000),
('HD149', 'M006', 1, 70000),
('HD150', 'M007', 3, 240000);