INSERT INTO [dbo].[NhanVien]
(maNV, tenNV, chucVu, email, namSinh, diaChi, gioiTinh, ngayVaoLam, trangThai)
VALUES
('NV001', N'Nguyễn Minh Tuấn', N'QL', 'tuan.nguyen@gmail.com', '1989-03-12', N'25 Nguyễn Trãi, Quận 1, TP.HCM', 1, '2018-06-01', 1),
('NV002', N'Trần Thị Thu Hà', N'NV', 'thuhatr@gmail.com', '1993-07-22', N'102 Lê Lợi, Quận Hải Châu, Đà Nẵng', 0, '2020-09-15', 1),
('NV003', N'Lê Quốc Huy', N'NV', 'lequochuy@gmail.com', '1995-01-18', N'88 Phan Đình Phùng, TP. Huế', 1, '2021-03-10', 1),
('NV004', N'Phạm Ngọc Anh', N'QL', 'phamngocanh@gmail.com', '1987-11-05', N'15 Trần Hưng Đạo, Quận Hoàn Kiếm, Hà Nội', 0, '2017-02-01', 1),
('NV005', N'Vũ Hoàng Long', N'NV', 'vuhoanglong@gmail.com', '1996-05-09', N'67 Võ Văn Tần, Quận 3, TP.HCM', 1, '2022-01-12', 1),

('NV006', N'Bùi Thị Thanh Nga', N'NV', 'buithanhnga@gmail.com', '1994-09-30', N'120 Nguyễn Văn Cừ, TP. Bắc Ninh', 0, '2021-06-20', 1),
('NV007', N'Đặng Hữu Phúc', N'QL', 'danghuuphuc@gmail.com', '1988-12-14', N'9 Lý Thường Kiệt, TP. Nha Trang', 1, '2016-10-01', 1),
('NV008', N'Nguyễn Thị Kim Oanh', N'NV', 'kim.oanh.nguyen@gmail.com', '1997-04-02', N'56 Hùng Vương, TP. Quảng Ngãi', 0, '2023-04-05', 1),
('NV009', N'Trần Văn Khải', N'NV', 'tranvankhai@gmail.com', '1992-08-19', N'210 Trường Chinh, TP. Buôn Ma Thuột', 1, '2020-11-11', 1),
('NV010', N'Lê Thị Mai Phương', N'QL', 'lemaiphuong@gmail.com', '1990-06-25', N'33 Nguyễn Huệ, TP. Vũng Tàu', 0, '2018-08-08', 1),

('NV011', N'Phan Đức Thành', N'NV', 'phanducthanh@gmail.com', '1995-02-14', N'77 Trần Phú, TP. Hà Tĩnh', 1, '2021-09-01', 1),
('NV012', N'Nguyễn Thị Bích Ngọc', N'NV', 'bichngoc.nguyen@gmail.com', '1998-10-10', N'90 Nguyễn Du, TP. Pleiku', 0, '2023-02-18', 1),
('NV013', N'Trương Minh Quân', N'QL', 'truongminhquan@gmail.com', '1986-01-07', N'12 Pasteur, Quận 3, TP.HCM', 1, '2015-05-20', 1),
('NV014', N'Đỗ Thị Hồng Vân', N'NV', 'dothihongvan@gmail.com', '1994-12-03', N'145 Phạm Văn Đồng, TP. Quảng Trị', 0, '2020-07-14', 1),
('NV015', N'Ngô Anh Dũng', N'NV', 'ngoanhdung@gmail.com', '1993-03-27', N'18 Lê Duẩn, TP. Đông Hà', 1, '2019-04-01', 1),

('NV016', N'Nguyễn Văn Hoàng', N'QL', 'nguyenvanhoang@gmail.com', '1989-09-09', N'200 Nguyễn Văn Linh, Quận 7, TP.HCM', 1, '2017-01-15', 1),
('NV017', N'Phạm Thị Thu Uyên', N'NV', 'thuuuyen.pham@gmail.com', '1996-06-06', N'44 Hai Bà Trưng, TP. Long Xuyên', 0, '2022-10-10', 1),
('NV018', N'Lý Quốc Bảo', N'NV', 'lyquocbao@gmail.com', '1997-11-21', N'88 Trần Quốc Toản, TP. Đà Lạt', 1, '2023-01-05', 1),
('NV019', N'Hoàng Thị Lan Anh', N'QL', 'lananh.hoang@gmail.com', '1988-02-17', N'60 Nguyễn Thái Học, TP. Hội An', 0, '2016-09-09', 1),
('NV020', N'Tạ Minh Trí', N'NV', 'taminhtri@gmail.com', '1995-04-30', N'39 Lê Hồng Phong, TP. Phan Rang', 1, '2021-12-01', 1),

('NV021', N'Nguyễn Thị Thảo My', N'NV', 'thaomy.nguyen@gmail.com', '1999-07-07', N'22 Nguyễn Đình Chiểu, TP. Mỹ Tho', 0, '2023-06-01', 1),
('NV022', N'Phạm Quốc Thắng', N'QL', 'phamquocthang@gmail.com', '1987-05-15', N'101 Trần Phú, TP. Lạng Sơn', 1, '2015-03-12', 1),
('NV023', N'Võ Thị Như Ý', N'NV', 'vothinhuy@gmail.com', '1996-08-28', N'75 Nguyễn Văn Linh, TP. Tuy Hòa', 0, '2022-04-18', 1),
('NV024', N'Đinh Văn Cường', N'NV', 'dinhvancuong@gmail.com', '1994-01-11', N'134 Phan Chu Trinh, TP. Tam Kỳ', 1, '2020-10-22', 1),
('NV025', N'Lê Thị Ánh Tuyết', N'QL', 'anh.tuyet.le@gmail.com', '1990-12-19', N'55 Nguyễn Công Trứ, TP. Quy Nhơn', 0, '2018-07-07', 1),

('NV026', N'Nguyễn Hữu Nghĩa', N'NV', 'huunghia.nguyen@gmail.com', '1997-03-03', N'19 Trần Cao Vân, TP. Kon Tum', 1, '2022-11-30', 1),
('NV027', N'Phạm Thị Diễm Hương', N'NV', 'diemhuong.pham@gmail.com', '1995-09-14', N'68 Nguyễn Tất Thành, TP. Gia Nghĩa', 0, '2021-08-16', 1),
('NV028', N'Trần Nhật Quang', N'QL', 'trannhatquang@gmail.com', '1986-04-04', N'9 Trường Sơn, Quận Tân Bình, TP.HCM', 1, '2014-12-01', 1),
('NV029', N'Nguyễn Thị Yến Nhi', N'NV', 'yennhi.nguyen@gmail.com', '1998-05-25', N'140 Nguyễn Văn Thoại, TP. Đà Nẵng', 0, '2023-03-20', 1),
('NV030', N'Bùi Công Danh', N'NV', 'buicongdanh@gmail.com', '1993-10-08', N'85 Lê Hồng Phong, TP. Bạc Liêu', 1, '2019-09-09', 1);


INSERT INTO [dbo].[TaiKhoan] (maTaiKhoan, tenTaiKhoan, matKhau, ngayDangNhap, ngayDangXuat, ngaySuaDoi, maNV)
VALUES 
-- 20 Tài khoản Quản lý (QLxxxx)
('TK001', 'QL0001', '111111', '2024-01-01', '2024-01-02', '2024-05-10', 'NV001'),
('TK002', 'QL0002', 'ql_pass02', '2024-01-05', '2024-01-06', '2024-05-15', 'NV003'),
('TK003', 'QL0003', 'ql_pass03', '2024-01-10', '2024-01-11', '2024-05-20', 'NV005'),
('TK004', 'QL0004', 'ql_pass04', '2024-01-15', '2024-01-16', '2024-05-25', 'NV007'),
('TK005', 'QL0005', 'ql_pass05', '2024-01-20', '2024-01-21', '2024-05-30', 'NV009'),
('TK006', 'QL0006', 'ql_pass06', '2024-01-25', '2024-01-26', '2024-06-04', 'NV011'),
('TK007', 'QL0007', 'ql_pass07', '2024-02-01', '2024-02-02', '2024-06-09', 'NV013'),
('TK008', 'QL0008', 'ql_pass08', '2024-02-06', '2024-02-07', '2024-06-14', 'NV015'),
('TK009', 'QL0009', 'ql_pass09', '2024-02-11', '2024-02-12', '2024-06-19', 'NV017'),
('TK010', 'QL0010', 'ql_pass10', '2024-02-16', '2024-02-17', '2024-06-24', 'NV019'),
('TK011', 'QL0011', 'ql_pass11', '2024-02-21', '2024-02-22', '2024-06-29', 'NV021'),
('TK012', 'QL0012', 'ql_pass12', '2024-02-26', '2024-02-27', '2024-07-04', 'NV023'),
('TK013', 'QL0013', 'ql_pass13', '2024-03-03', '2024-03-04', '2024-07-09', 'NV025'),
('TK014', 'QL0014', 'ql_pass14', '2024-03-08', '2024-03-09', '2024-07-14', 'NV027'),
('TK015', 'QL0015', 'ql_pass15', '2024-03-13', '2024-03-14', '2024-07-19', 'NV029'),
('TK016', 'QL0016', 'ql_pass16', '2024-03-18', '2024-03-19', '2024-07-24', 'NV031'),
('TK017', 'QL0017', 'ql_pass17', '2024-03-23', '2024-03-24', '2024-07-29', 'NV033'),
('TK018', 'QL0018', 'ql_pass18', '2024-03-28', '2024-03-29', '2024-08-03', 'NV035'),
('TK019', 'QL0019', 'ql_pass19', '2024-04-02', '2024-04-03', '2024-08-08', 'NV037'),
('TK020', 'QL0020', 'ql_pass20', '2024-04-07', '2024-04-08', '2024-08-13', 'NV039'),

-- 30 Tài khoản Nhân viên (NVxxxx)
('TK021', 'NV0021', '111111', '2023-10-01', '2023-10-02', '2024-05-05', 'NV002'),
('TK022', 'NV0022', 'nv_pass22', '2023-10-05', '2023-10-06', '2024-05-10', 'NV004'),
('TK023', 'NV0023', 'nv_pass23', '2023-10-10', '2023-10-11', '2024-05-15', 'NV006'),
('TK024', 'NV0024', 'nv_pass24', '2023-10-15', '2023-10-16', '2024-05-20', 'NV008'),
('TK025', 'NV0025', 'nv_pass25', '2023-10-20', '2023-10-21', '2024-05-25', 'NV010'),
('TK026', 'NV0026', 'nv_pass26', '2023-10-25', '2023-10-26', '2024-05-30', 'NV012'),
('TK027', 'NV0027', 'nv_pass27', '2023-11-01', '2023-11-02', '2024-06-04', 'NV014'),
('TK028', 'NV0028', 'nv_pass28', '2023-11-06', '2023-11-07', '2024-06-09', 'NV016'),
('TK029', 'NV0029', 'nv_pass29', '2023-11-11', '2023-11-12', '2024-06-14', 'NV018'),
('TK030', 'NV0030', 'nv_pass30', '2023-11-16', '2023-11-17', '2024-06-19', 'NV020'),
('TK031', 'NV0031', 'nv_pass31', '2023-11-21', '2023-11-22', '2024-06-24', 'NV022'),
('TK032', 'NV0032', 'nv_pass32', '2023-11-26', '2023-11-27', '2024-06-29', 'NV024'),
('TK033', 'NV0033', 'nv_pass33', '2023-12-01', '2023-12-02', '2024-07-04', 'NV026'),
('TK034', 'NV0034', 'nv_pass34', '2023-12-06', '2023-12-07', '2024-07-09', 'NV028'),
('TK035', 'NV0035', 'nv_pass35', '2023-12-11', '2023-12-12', '2024-07-14', 'NV030'),
('TK036', 'NV0036', 'nv_pass36', '2023-12-16', '2023-12-17', '2024-07-19', 'NV032'),
('TK037', 'NV0037', 'nv_pass37', '2023-12-21', '2023-12-22', '2024-07-24', 'NV034'),
('TK038', 'NV0038', 'nv_pass38', '2023-12-26', '2023-12-27', '2024-07-29', 'NV036'),
('TK039', 'NV0039', 'nv_pass39', '2024-01-03', '2024-01-04', '2024-08-03', 'NV038'),
('TK040', 'NV0040', 'nv_pass40', '2024-01-08', '2024-01-09', '2024-08-08', 'NV040'),
('TK041', 'NV0041', 'nv_pass41', '2024-01-13', '2024-01-14', '2024-08-13', 'NV042'),
('TK042', 'NV0042', 'nv_pass42', '2024-01-18', '2024-01-19', '2024-08-18', 'NV044'),
('TK043', 'NV0043', 'nv_pass43', '2024-01-23', '2024-01-24', '2024-08-23', 'NV046'),
('TK044', 'NV0044', 'nv_pass44', '2024-01-28', '2024-01-29', '2024-08-28', 'NV048'),
('TK045', 'NV0045', 'nv_pass45', '2024-02-04', '2024-02-05', '2024-09-02', 'NV050'),
('TK046', 'NV0046', 'nv_pass46', '2024-02-09', '2024-02-10', '2024-09-07', 'NV052'),
('TK047', 'NV0047', 'nv_pass47', '2024-02-14', '2024-02-15', '2024-09-12', 'NV054'),
('TK048', 'NV0048', 'nv_pass48', '2024-02-19', '2024-02-20', '2024-09-17', 'NV056'),
('TK049', 'NV0049', 'nv_pass49', '2024-02-24', '2024-02-25', '2024-09-22', 'NV058'),
('TK050', 'NV0050', 'nv_pass50', '2024-02-29', '2024-03-01', '2024-09-27', 'NV060');

INSERT INTO HangKhachHang (maHang, diemHang, giamGia, moTa, tenHang)
VALUES
('H1', 10, 5, N'Giảm 5%', N'Hạng Đồng'),
('H2', 100, 7, N'Giảm 7%', N'Hạng Bạc'),
('H3', 300, 9, N'Giảm 9%', N'Hạng Vàng'),
('H4', 600, 11, N'Giảm 11%', N'Hạng Kim Cương');

INSERT INTO KhachHang (maKH, tenKH, sdt, email, diaChi, diemTichLuy, maHang)
VALUES
('KH0001', N'Lâm Thành Đạt', '0901000001', 'thanhdatfptshop123@email.com', N'123 Lê Lợi, Quận 1, TP.HCM', 1250, 'H4'),
('KH0002', N'Nguyễn Thị Thu Thảo', '0901000002', 'tn364471@gmail.com', N'45 Nguyễn Huệ, Quận 1, TP.HCM', 980, 'H4'),
('KH0003', N'Nguyễn Gia An', '0901000003', 'nguyengiaan3787@gmail.com', N'67 Lý Thường Kiệt, Quận 10, TP.HCM', 320, 'H3'),
('KH0004', N'Nguyễn Tuấn Anh ', '0901000004', 'nguyentuananh20052005@gmail.com', N'89 Pasteur, Quận 3, TP.HCM', 150, 'H2');
('KH0005',  N'Trần Minh Quân', '0901000005', 'minhquan05@gmail.com', N'12 Trần Hưng Đạo, Quận 1, TP.HCM', 150, 'H2'),
('KH0006',  N'Phạm Thị Ngọc Anh', '0901000006', 'ngocanh06@gmail.com', N'88 Nguyễn Trãi, Quận 5, TP.HCM', 320, 'H2'),
('KH0007',  N'Lê Hoàng Nam', '0901000007', 'hoangnam07@gmail.com', N'15 Cách Mạng Tháng 8, Quận 3, TP.HCM', 540, 'H3'),
('KH0008',  N'Nguyễn Thị Mỹ Linh', '0901000008', 'mylinh08@gmail.com', N'210 Điện Biên Phủ, Quận Bình Thạnh, TP.HCM', 780, 'H3'),
('KH0009',  N'Võ Thành Long', '0901000009', 'thanhlong09@gmail.com', N'33 Phan Văn Trị, Gò Vấp, TP.HCM', 1100, 'H4'),
('KH0010',  N'Bùi Quốc Huy', '0901000010', 'quochuy10@gmail.com', N'91 Quang Trung, Gò Vấp, TP.HCM', 60, 'H1'),
('KH0011',  N'Nguyễn Thị Hồng Nhung', '0901000011', 'hongnhung11@gmail.com', N'5 Võ Văn Tần, Quận 3, TP.HCM', 430, 'H2'),
('KH0012',  N'Trịnh Gia Bảo', '0901000012', 'giabao12@gmail.com', N'77 Lạc Long Quân, Quận 11, TP.HCM', 980, 'H3'),
('KH0013',  N'Đặng Thanh Tùng', '0901000013', 'thanhtung13@gmail.com', N'102 Âu Cơ, Tân Bình, TP.HCM', 1250, 'H4'),
('KH0014',  N'Lý Thị Kim Oanh', '0901000014', 'kimoanh14@gmail.com', N'19 Trường Chinh, Tân Bình, TP.HCM', 180, 'H1'),
('KH0015',  N'Ngô Minh Trí', '0901000015', 'minhtri15@gmail.com', N'56 Nguyễn Sơn, Tân Phú, TP.HCM', 610, 'H3'),
('KH0020',  N'Phan Thế Anh', '0901000020', 'theanh20@gmail.com', N'12 Nguyễn Văn Cừ, Quận 5, TP.HCM', 450, 'H2'),
('KH0025',  N'Trần Thị Bích Ngọc', '0901000025', 'bichngoc25@gmail.com', N'88 Phạm Văn Đồng, Thủ Đức, TP.HCM', 720, 'H3'),
('KH0030',  N'Nguyễn Quốc Việt', '0901000030', 'quocviet30@gmail.com', N'34 Xa Lộ Hà Nội, Thủ Đức, TP.HCM', 1020, 'H4'),
('KH0035',  N'Lê Thị Thanh Mai', '0901000035', 'thanhmai35@gmail.com', N'90 Lê Đức Thọ, Gò Vấp, TP.HCM', 95, 'H1'),
('KH0040',  N'Vũ Hoàng Phúc', '0901000040', 'hoangphuc40@gmail.com', N'77 Nguyễn Văn Quá, Quận 12, TP.HCM', 360, 'H2'),
('KH0080',  N'Nguyễn Thị Thu Hương', '0901000080', 'thuhuong80@gmail.com', N'56 Đinh Bộ Lĩnh, Bình Thạnh, TP.HCM', 890, 'H3'),
('KH0100',  N'Trần Đức Thành', '0901000100', 'ducthanh100@gmail.com', N'18 Lê Văn Việt, Quận 9, TP.HCM', 1320, 'H4'),
('KH0120',  N'Phạm Minh Khang', '0901000120', 'minhkhang120@gmail.com', N'55 Nguyễn Oanh, Gò Vấp, TP.HCM', 210, 'H2'),
('KH0121',  N'Nguyễn Thị Ánh Tuyết', '0901000121', 'anhtuyet121@gmail.com', N'41 Phạm Ngũ Lão, Quận 1, TP.HCM', 480, 'H2'),
('KH0122',  N'Lâm Quốc Bảo', '0901000122', 'quocbao122@gmail.com', N'92 Nguyễn Kiệm, Phú Nhuận, TP.HCM', 760, 'H3'),
('KH0123',  N'Đỗ Thị Kim Chi', '0901000123', 'kimchi123@gmail.com', N'63 Hoàng Văn Thụ, Tân Bình, TP.HCM', 980, 'H3'),
('KH0124',  N'Nguyễn Hoàng Long', '0901000124', 'hoanglong124@gmail.com', N'101 Trường Sa, Quận 3, TP.HCM', 1500, 'H4');
--Chèn dữ liệu cho loaiBan
INSERT INTO [dbo].[LoaiBan] (maLoaiBan, tenLoaiBan, soLuong) VALUES
('LB01', N'Bàn nhỏ', 10),
('LB02', N'Bàn thường', 15),
('LB03', N'Bàn lớn', 20);

-- Thêm dữ liệu cho Ban
INSERT INTO [dbo].[Ban] (maBan, viTri, trangThai, maLoaiBan) VALUES
('B01', N'Khu A', N'Trống', 'LB01'),
('B02', N'Khu A', N'Trống', 'LB01'),
('B03', N'Khu B', N'Trống', 'LB02'),
('B04', N'Khu B', N'Trống', 'LB02'),
('B05', N'Khu C', N'Trống', 'LB03'),
('B06', N'Khu C', N'Trống', 'LB03'),
('B07', N'Khu B', N'Trống', 'LB02'),
('B08', N'Khu A', N'Trống', 'LB01'),
('B09', N'Khu C', N'Trống', 'LB03'),
('B10', N'Khu B', N'Trống', 'LB02');

INSERT INTO Coc (maCoc, loaiCoc, phanTramCoc, soTienCoc) VALUES
    ('C001', 1, 10, 100000),
    ('C002', 0, 20, 200000),
    ('C003', 1, 15, 150000),
    ('C004', 0, 25, 250000),
    ('C005', 1, 5, 50000),
    ('C006', 0, 30, 300000),
    ('C007', 1, 10, 100000),
    ('C008', 0, 20, 200000),
    ('C009', 1, 15, 150000),
    ('C010', 0, 25, 250000);

INSERT INTO KhuyenMai (maKM, tenKM, loaiKM, sanPhamKM, ngayBatDau, ngayKetThuc, phanTramGiamGia)
VALUES
('KM001', N'Ưu đãi VIP tháng 11', N'Ưu đãi cho khách hàng Kim Cương', N'Tất cả', '2025-11-01', '2025-12-30', 20),
('KM002', N'Giảm 10% tổng hóa đơn cuối tuần', N'Khuyến mãi trên tổng hóa đơn', N'Tất cả', '2025-11-07', '2025-11-08', 10);

INSERT INTO DonDatBan (maDatBan, ngayGio, soLuong, maBan, gioBatDau, trangThai) VALUES
('DB001', DEFAULT, 4, 'B01', '18:00:00', N'Chưa thanh toán'),
('DB002', DEFAULT, 2, 'B02', '19:00:00', N'Chưa thanh toán'),
('DB003', DEFAULT, 6, 'B03', '20:00:00', N'Chưa thanh toán'),
('DB004', DEFAULT, 6, 'B04', '21:00:00', N'Chưa thanh toán');

INSERT INTO HoaDon (maHD, ngayLap, tongTien, thue, trangThai, kieuThanhToan, tienNhan, tienThua, maKH, maKM, maNV, maDatBan, maCoc) VALUES
('HD001', '2025-08-01', 1000000, 100000, 'Đã thanh toán', 'Tiền mặt', 1200000, 200000, 'KH0001', 'KM001', 'NV001', 'DB001', 'C001'),
('HD002', '2025-08-02', 1500000, 150000, 'Chưa thanh toán', 'Thẻ tín dụng', 0, 0, 'KH0002', 'KM001', 'NV002', 'DB002', 'C002'),
('HD003', '2025-08-03', 2000000, 200000, 'Đã thanh toán', 'Chuyển khoản', 2200000, 200000, 'KH0003', 'KM002', 'NV003', 'DB003', 'C003'),
('HD004', '2025-09-01', 1200000, 120000, 'Đã thanh toán', 'Tiền mặt', 1300000, 80000, 'KH0004', 'KM002', 'NV004', 'DB004', 'C004');

INSERT INTO MonAn (maMon, tenMon, donGia, duongDanAnh, loaiMon) VALUES
('M001', N'Bún Quậy', 45000, 'D:\\img\\bunquay.jpg', N'Bún'), 
('M002', N'Cút Lộn', 38000, 'D:\\img\\cutlon.jpg', N'Đồ ăn'),
('M003', N'Gỏi Cuốn', 150000, 'D:\\img\\goicuon.jpg', N'Đồ ăn'),
('M004', N'Mì Quảng', 28000, 'D:\\img\\miquang.jpg', N'Mì');