-- Chèn dữ liệu vào bảng NhanVien
INSERT INTO [dbo].[NhanVien] (maNV, tenNV, chucVu, email, namSinh, diaChi, gioiTinh, ngayVaoLam, trangThai)
VALUES 
('NV001', N'Nguyễn Văn A', N'QL', 'nv.a@example.com', '1990-01-01', N'Số 1, Đường A, TP.HCM', 1, '2020-01-01', 1),
('NV002', N'Trần Thị B', N'NV', 'nv.b@example.com', '1992-02-02', N'Số 2, Đường B, Hà Nội', 0, '2021-02-01', 1),
('NV003', N'Lê Văn C', N'QL', 'nv.c@example.com', '1995-03-03', N'Số 3, Đường C, Đà Nẵng', 1, '2019-03-01', 1),
('NV004', N'Phạm Thị D', N'NV', 'nv.d@example.com', '1988-04-04', N'Số 4, Đường D, Cần Thơ', 0, '2022-04-01', 1),
('NV005', N'Hoàng Văn E', N'QL', 'nv.e@example.com', '1991-05-05', N'Số 5, Đường E, Hải Phòng', 1, '2018-05-01', 1),
('NV006', N'Đỗ Thị F', N'NV', 'nv.f@example.com', '1993-06-06', N'Số 6, Đường F, Huế', 0, '2023-06-01', 1),
('NV007', N'Vũ Văn G', N'QL', 'nv.g@example.com', '1994-07-07', N'Số 7, Đường G, Nha Trang', 1, '2017-07-01', 1),
('NV008', N'Bùi Thị H', N'NV', 'nv.h@example.com', '1996-08-08', N'Số 8, Đường H, Biên Hòa', 0, '2020-08-01', 1),
('NV009', N'Đặng Văn I', N'QL', 'nv.i@example.com', '1989-09-09', N'Số 9, Đường I, Vũng Tàu', 1, '2019-09-01', 1),
('NV010', N'Nguyễn Thị K', N'NV', 'nv.k@example.com', '1997-10-10', N'Số 10, Đường K, Bình Dương', 0, '2021-10-01', 1),
('NV011', N'Trần Văn L', N'QL', 'nv.l@example.com', '1990-11-11', N'Số 11, Đường L, Đồng Nai', 1, '2022-11-01', 1),
('NV012', N'Lê Thị M', N'NV', 'nv.m@example.com', '1992-12-12', N'Số 12, Đường M, Long An', 0, '2023-12-01', 1),
('NV013', N'Phạm Văn N', N'QL', 'nv.n@example.com', '1995-01-13', N'Số 13, Đường N, Tiền Giang', 1, '2018-01-15', 1),
('NV014', N'Hoàng Thị O', N'NV', 'nv.o@example.com', '1988-02-14', N'Số 14, Đường O, An Giang', 0, '2019-02-20', 1),
('NV015', N'Đỗ Văn P', N'QL', 'nv.p@example.com', '1991-03-15', N'Số 15, Đường P, Kiên Giang', 1, '2020-03-10', 1),
('NV016', N'Vũ Thị Q', N'NV', 'nv.q@example.com', '1993-04-16', N'Số 16, Đường Q, Khánh Hòa', 0, '2021-04-05', 1),
('NV017', N'Bùi Văn R', N'QL', 'nv.r@example.com', '1994-05-17', N'Số 17, Đường R, Nghệ An', 1, '2022-05-01', 1),
('NV018', N'Đặng Thị S', N'NV', 'nv.s@example.com', '1996-06-18', N'Số 18, Đường S, Thanh Hóa', 0, '2023-06-15', 1),
('NV019', N'Nguyễn Văn T', N'QL', 'nv.t@example.com', '1989-07-19', N'Số 19, Đường T, Quảng Ninh', 1, '2018-07-25', 1),
('NV020', N'Trần Thị U', N'NV', 'nv.u@example.com', '1997-08-20', N'Số 20, Đường U, Quảng Nam', 0, '2019-08-01', 1),
('NV021', N'Lê Văn V', N'QL', 'nv.v@example.com', '1990-09-21', N'Số 21, Đường V, Bình Thuận', 1, '2020-09-10', 1),
('NV022', N'Phạm Thị W', N'NV', 'nv.w@example.com', '1992-10-22', N'Số 22, Đường W, Lâm Đồng', 0, '2021-10-20', 1),
('NV023', N'Hoàng Văn X', N'QL', 'nv.x@example.com', '1995-11-23', N'Số 23, Đường X, Gia Lai', 1, '2022-11-25', 1),
('NV024', N'Đỗ Thị Y', N'NV', 'nv.y@example.com', '1988-12-24', N'Số 24, Đường Y, Đắk Lắk', 0, '2023-12-10', 1),
('NV025', N'Vũ Văn Z', N'QL', 'nv.z@example.com', '1991-01-25', N'Số 25, Đường Z, Kon Tum', 1, '2018-01-30', 1),
('NV026', N'Bùi Thị AA', N'NV', 'nv.aa@example.com', '1993-02-26', N'Số 26, Đường AA, Bình Phước', 0, '2019-02-15', 1),
('NV027', N'Đặng Văn BB', N'QL', 'nv.bb@example.com', '1994-03-27', N'Số 27, Đường BB, Tây Ninh', 1, '2020-03-05', 1),
('NV028', N'Nguyễn Thị CC', N'NV', 'nv.cc@example.com', '1996-04-28', N'Số 28, Đường CC, Bến Tre', 0, '2021-04-12', 1),
('NV029', N'Trần Văn DD', N'QL', 'nv.dd@example.com', '1989-05-29', N'Số 29, Đường DD, Trà Vinh', 1, '2022-05-08', 1),
('NV030', N'Lê Thị EE', N'NV', 'nv.ee@example.com', '1997-06-30', N'Số 30, Đường EE, Sóc Trăng', 0, '2023-06-20', 1),
('NV031', N'Phạm Văn FF', N'QL', 'nv.ff@example.com', '1990-07-01', N'Số 31, Đường FF, Bạc Liêu', 1, '2018-07-01', 1),
('NV032', N'Hoàng Thị GG', N'NV', 'nv.gg@example.com', '1992-08-02', N'Số 32, Đường GG, Cà Mau', 0, '2019-08-05', 1),
('NV033', N'Đỗ Văn HH', N'QL', 'nv.hh@example.com', '1995-09-03', N'Số 33, Đường HH, Vĩnh Long', 1, '2020-09-15', 1),
('NV034', N'Vũ Thị II', N'NV', 'nv.ii@example.com', '1988-10-04', N'Số 34, Đường II, Hậu Giang', 0, '2021-10-25', 1),
('NV035', N'Bùi Văn JJ', N'QL', 'nv.jj@example.com', '1991-11-05', N'Số 35, Đường JJ, Đồng Tháp', 1, '2022-11-30', 1),
('NV036', N'Đặng Thị KK', N'NV', 'nv.kk@example.com', '1993-12-06', N'Số 36, Đường KK, Vĩnh Phúc', 0, '2023-12-12', 1),
('NV037', N'Nguyễn Văn LL', N'QL', 'nv.ll@example.com', '1994-01-07', N'Số 37, Đường LL, Bắc Ninh', 1, '2018-01-22', 1),
('NV038', N'Trần Thị MM', N'NV', 'nv.mm@example.com', '1996-02-08', N'Số 38, Đường MM, Bắc Giang', 0, '2019-02-08', 1),
('NV039', N'Lê Văn NN', N'QL', 'nv.nn@example.com', '1989-03-09', N'Số 39, Đường NN, Thái Nguyên', 1, '2020-03-18', 1),
('NV040', N'Phạm Thị OO', N'NV', 'nv.oo@example.com', '1997-04-10', N'Số 40, Đường OO, Phú Thọ', 0, '2021-04-28', 1),
('NV041', N'Hoàng Văn PP', N'QL', 'nv.pp@example.com', '1990-05-11', N'Số 41, Đường PP, Lạng Sơn', 1, '2022-05-15', 1),
('NV042', N'Đỗ Thị QQ', N'NV', 'nv.qq@example.com', '1992-06-12', N'Số 42, Đường QQ, Cao Bằng', 0, '2023-06-05', 1),
('NV043', N'Vũ Văn RR', N'QL', 'nv.rr@example.com', '1995-07-13', N'Số 43, Đường RR, Hà Giang', 1, '2018-07-10', 1),
('NV044', N'Bùi Thị SS', N'NV', 'nv.ss@example.com', '1988-08-14', N'Số 44, Đường SS, Tuyên Quang', 0, '2019-08-20', 1),
('NV045', N'Đặng Văn TT', N'QL', 'nv.tt@example.com', '1991-09-15', N'Số 45, Đường TT, Lào Cai', 1, '2020-09-01', 1),
('NV046', N'Nguyễn Thị UU', N'NV', 'nv.uu@example.com', '1993-10-16', N'Số 46, Đường UU, Yên Bái', 0, '2021-10-10', 1),
('NV047', N'Trần Văn VV', N'QL', 'nv.vv@example.com', '1994-11-17', N'Số 47, Đường VV, Sơn La', 1, '2022-11-20', 1),
('NV048', N'Lê Thị WW', N'NV', 'nv.ww@example.com', '1996-12-18', N'Số 48, Đường WW, Lai Châu', 0, '2023-12-08', 1),
('NV049', N'Phạm Văn XX', N'QL', 'nv.xx@example.com', '1989-01-19', N'Số 49, Đường XX, Điện Biên', 1, '2018-01-28', 1),
('NV050', N'Hoàng Thị YY', N'NV', 'nv.yy@example.com', '1997-02-20', N'Số 50, Đường YY, Hòa Bình', 0, '2019-02-28', 1),
('NV051', N'Đỗ Văn ZZ', N'QL', 'nv.zz@example.com', '1990-03-21', N'Số 51, Đường ZZ, Hà Nam', 1, '2020-03-22', 1),
('NV052', N'Vũ Thị AAA', N'NV', 'nv.aaa@example.com', '1992-04-22', N'Số 52, Đường AAA, Nam Định', 0, '2021-04-18', 1),
('NV053', N'Bùi Văn BBB', N'QL', 'nv.bbb@example.com', '1995-05-23', N'Số 53, Đường BBB, Ninh Bình', 1, '2022-05-10', 1),
('NV054', N'Đặng Thị CCC', N'NV', 'nv.ccc@example.com', '1988-06-24', N'Số 54, Đường CCC, Thái Bình', 0, '2023-06-01', 1),
('NV055', N'Nguyễn Văn DDD', N'QL', 'nv.ddd@example.com', '1991-07-25', N'Số 55, Đường DDD, Hà Tĩnh', 1, '2018-07-05', 1),
('NV056', N'Trần Thị EEE', N'NV', 'nv.eee@example.com', '1993-08-26', N'Số 56, Đường EEE, Quảng Bình', 0, '2019-08-15', 1),
('NV057', N'Lê Văn FFF', N'QL', 'nv.fff@example.com', '1994-09-27', N'Số 57, Đường FFF, Quảng Trị', 1, '2020-09-25', 1),
('NV058', N'Phạm Thị GGG', N'NV', 'nv.ggg@example.com', '1996-10-28', N'Số 58, Đường GGG, Thừa Thiên Huế', 0, '2021-10-05', 1),
('NV059', N'Hoàng Văn HHH', N'QL', 'nv.hhh@example.com', '1989-11-29', N'Số 59, Đường HHH, Quảng Ngãi', 1, '2022-11-18', 1),
('NV060', N'Đỗ Thị III', N'NV', 'nv.iii@example.com', '1997-12-30', N'Số 60, Đường III, Bình Định', 0, '2023-12-25', 1),
('NV061', N'Vũ Văn JJJ', N'QL', 'nv.jjj@example.com', '1990-01-05', N'Số 61, Đường JJJ, Phú Yên', 1, '2018-01-10', 1),
('NV062', N'Bùi Thị KKK', N'NV', 'nv.kkk@example.com', '1992-02-10', N'Số 62, Đường KKK, Đắk Nông', 0, '2019-02-05', 1),
('NV063', N'Đặng Văn LLL', N'QL', 'nv.lll@example.com', '1995-03-15', N'Số 63, Đường LLL, Kon Tum', 1, '2020-03-08', 1),
('NV064', N'Nguyễn Thị MMM', N'NV', 'nv.mmm@example.com', '1988-04-20', N'Số 64, Đường MMM, Gia Lai', 0, '2021-04-15', 1),
('NV065', N'Trần Văn NNN', N'QL', 'nv.nnn@example.com', '1991-05-25', N'Số 65, Đường NNN, Bình Phước', 1, '2022-05-20', 1),
('NV066', N'Lê Thị OOO', N'NV', 'nv.ooo@example.com', '1993-06-01', N'Số 66, Đường OOO, Tây Ninh', 0, '2023-06-10', 1),
('NV067', N'Phạm Văn PPP', N'QL', 'nv.ppp@example.com', '1994-07-06', N'Số 67, Đường PPP, Bà Rịa - Vũng Tàu', 1, '2018-07-15', 1),
('NV068', N'Hoàng Thị QQQ', N'NV', 'nv.qqq@example.com', '1996-08-11', N'Số 68, Đường QQQ, Long An', 0, '2019-08-25', 1),
('NV069', N'Đỗ Văn RRR', N'QL', 'nv.rrr@example.com', '1989-09-16', N'Số 69, Đường RRR, Tiền Giang', 1, '2020-09-05', 1),
('NV070', N'Vũ Thị SSS', N'NV', 'nv.sss@example.com', '1997-10-21', N'Số 70, Đường SSS, Đồng Tháp', 0, '2021-10-14', 1),
('NV071', N'Bùi Văn TTT', N'QL', 'nv.ttt@example.com', '1990-11-26', N'Số 71, Đường TTT, Vĩnh Long', 1, '2022-11-01', 1),
('NV072', N'Đặng Thị UUU', N'NV', 'nv.uuu@example.com', '1992-12-31', N'Số 72, Đường UUU, An Giang', 0, '2023-12-05', 1),
('NV073', N'Nguyễn Văn VVV', N'QL', 'nv.vvv@example.com', '1995-01-10', N'Số 73, Đường VVV, Kiên Giang', 1, '2018-01-01', 1),
('NV074', N'Trần Thị WWW', N'NV', 'nv.www@example.com', '1988-02-15', N'Số 74, Đường WWW, Cần Thơ', 0, '2019-02-18', 1),
('NV075', N'Lê Văn XXX', N'QL', 'nv.xxx@example.com', '1991-03-20', N'Số 75, Đường XXX, Hậu Giang', 1, '2020-03-28', 1),
('NV076', N'Phạm Thị YYY', N'NV', 'nv.yyy@example.com', '1993-04-25', N'Số 76, Đường YYY, Sóc Trăng', 0, '2021-04-04', 1),
('NV077', N'Hoàng Văn ZZZ', N'QL', 'nv.zzz@example.com', '1994-05-30', N'Số 77, Đường ZZZ, Bạc Liêu', 1, '2022-05-16', 1),
('NV078', N'Đỗ Thị AAAA', N'NV', 'nv.aaaa@example.com', '1996-06-04', N'Số 78, Đường AAAA, Cà Mau', 0, '2023-06-22', 1),
('NV079', N'Vũ Văn BBBB', N'QL', 'nv.bbbb@example.com', '1989-07-09', N'Số 79, Đường BBBB, Bình Dương', 1, '2018-07-28', 1),
('NV080', N'Bùi Thị CCCC', N'NV', 'nv.cccc@example.com', '1997-08-14', N'Số 80, Đường CCCC, Đồng Nai', 0, '2019-08-08', 1),
('NV081', N'Đặng Văn DDDD', N'QL', 'nv.dddd@example.com', '1990-09-19', N'Số 81, Đường DDDD, Bình Thuận', 1, '2020-09-09', 1),
('NV082', N'Nguyễn Thị EEEE', N'NV', 'nv.eeee@example.com', '1992-10-24', N'Số 82, Đường EEEE, Lâm Đồng', 0, '2021-10-22', 1),
('NV083', N'Trần Văn FFFF', N'QL', 'nv.ffff@example.com', '1995-11-29', N'Số 83, Đường FFFF, Đắk Lắk', 1, '2022-11-03', 1),
('NV084', N'Lê Thị GGGG', N'NV', 'nv.gggg@example.com', '1988-12-04', N'Số 84, Đường GGGG, Nha Trang', 0, '2023-12-19', 1),
('NV085', N'Phạm Văn HHHH', N'QL', 'nv.hhhh@example.com', '1991-01-09', N'Số 85, Đường HHHH, Đà Nẵng', 1, '2018-01-08', 1),
('NV086', N'Hoàng Thị IIII', N'NV', 'nv.iiii@example.com', '1993-02-14', N'Số 86, Đường IIII, Huế', 0, '2019-02-22', 1),
('NV087', N'Đỗ Văn JJJJ', N'QL', 'nv.jjjj@example.com', '1994-03-19', N'Số 87, Đường JJJJ, Hải Phòng', 1, '2020-03-12', 1),
('NV088', N'Vũ Thị KKKK', N'NV', 'nv.kkkk@example.com', '1996-04-24', N'Số 88, Đường KKKK, Hà Nội', 0, '2021-04-09', 1),
('NV089', N'Bùi Văn LLLL', N'QL', 'nv.llll@example.com', '1989-05-29', N'Số 89, Đường LLLL, TP.HCM', 1, '2022-05-25', 1),
('NV090', N'Đặng Thị MMMM', N'NV', 'nv.mmmm@example.com', '1997-06-03', N'Số 90, Đường MMMM, Bà Rịa - Vũng Tàu', 0, '2023-06-17', 1),
('NV091', N'Nguyễn Văn NNNN', N'QL', 'nv.nnnn@example.com', '1990-07-08', N'Số 91, Đường NNNN, Biên Hòa', 1, '2018-07-03', 1),
('NV092', N'Trần Thị OOOO', N'NV', 'nv.oooo@example.com', '1992-08-13', N'Số 92, Đường OOOO, Vĩnh Phúc', 0, '2019-08-11', 1),
('NV093', N'Lê Văn PPPP', N'QL', 'nv.pppp@example.com', '1995-09-18', N'Số 93, Đường PPPP, Bắc Ninh', 1, '2020-09-21', 1),
('NV094', N'Phạm Thị QQQQ', N'NV', 'nv.qqqq@example.com', '1988-10-23', N'Số 94, Đường QQQQ, Bắc Giang', 0, '2021-10-02', 1),
('NV095', N'Hoàng Văn RRRR', N'QL', 'nv.rrrr@example.com', '1991-11-28', N'Số 95, Đường RRRR, Thái Nguyên', 1, '2022-11-14', 1),
('NV096', N'Đỗ Thị SSSS', N'NV', 'nv.ssss@example.com', '1993-12-03', N'Số 96, Đường SSSS, Phú Thọ', 0, '2023-12-28', 1),
('NV097', N'Vũ Văn TTTT', N'QL', 'nv.tttt@example.com', '1994-01-08', N'Số 97, Đường TTTT, Lạng Sơn', 1, '2018-01-03', 1),
('NV098', N'Bùi Thị UUUU', N'NV', 'nv.uuuu@example.com', '1996-02-13', N'Số 98, Đường UUUU, Cao Bằng', 0, '2019-02-12', 1),
('NV099', N'Đặng Văn VVVV', N'QL', 'nv.vvvv@example.com', '1989-03-18', N'Số 99, Đường VVVV, Hà Giang', 1, '2020-03-02', 1),
('NV100', N'Nguyễn Thị WWWW', N'NV', 'nv.wwww@example.com', '1997-04-23', N'Số 100, Đường WWWW, Tuyên Quang', 0, '2021-04-11', 1);
-- Chèn dữ liệu vào bảng TaiKhoan
-- Chèn dữ liệu vào bảng TaiKhoan (50 bản ghi)
INSERT INTO [dbo].[TaiKhoan] (maTaiKhoan, tenTaiKhoan, matKhau, ngayDangNhap, ngayDangXuat, ngaySuaDoi, maNV)
VALUES 
-- 20 Tài khoản Quản lý (QLxxxx)
('TK001', 'QL0001', 'ql_pass01', '2024-01-01', '2024-01-02', '2024-05-10', 'NV001'),
('TK002', 'QL0002', 'ql_pass02', '2024-01-05', '2024-01-06', '2024-05-15', 'NV003'),
('TK003', 'QL0003', 'ql_pass03', '2024-01-10', '2024-01-11', '2024-05-20', 'NV005'),
('TK004', 'QL0004', 'ql_pass04', '2024-01-15', '2024-01-16', '2024-05-25', 'NV007'),
('TK005', 'QL0005', 'ql_pass05', '2024-01-20', '2024-01-21', '2024-05-30', 'NV009'),
('TK006', 'QL0006', 'ql_pass06', '2024-01-25', '2024-01-26', '2024-06-04', 'NV011'),
('TK007', 'QL0007', 'ql_pass07', '2024-02-01', '2024-02-02', '2024-06-09', 'NV013'),
('TK008', 'QL0008', 'ql_pass08', '2024-02-06', '2024-02-07', '2024-06-14', 'NV015'),
('TK009', 'QL0009', 'ql_pass09', '2024-02-11', '2024-02-12', '2024-06-19', 'NV017'),
('TK010', 'QL0010', 'ql_pass10', '2024-02-16', '2024-02-17', '2024-06-24', 'NV019'),
('TK011', 'QL0011', 'ql_pass11', '2024-02-21', '2024-02-22', '2024-06-29', 'NV021'),
('TK012', 'QL0012', 'ql_pass12', '2024-02-26', '2024-02-27', '2024-07-04', 'NV023'),
('TK013', 'QL0013', 'ql_pass13', '2024-03-03', '2024-03-04', '2024-07-09', 'NV025'),
('TK014', 'QL0014', 'ql_pass14', '2024-03-08', '2024-03-09', '2024-07-14', 'NV027'),
('TK015', 'QL0015', 'ql_pass15', '2024-03-13', '2024-03-14', '2024-07-19', 'NV029'),
('TK016', 'QL0016', 'ql_pass16', '2024-03-18', '2024-03-19', '2024-07-24', 'NV031'),
('TK017', 'QL0017', 'ql_pass17', '2024-03-23', '2024-03-24', '2024-07-29', 'NV033'),
('TK018', 'QL0018', 'ql_pass18', '2024-03-28', '2024-03-29', '2024-08-03', 'NV035'),
('TK019', 'QL0019', 'ql_pass19', '2024-04-02', '2024-04-03', '2024-08-08', 'NV037'),
('TK020', 'QL0020', 'ql_pass20', '2024-04-07', '2024-04-08', '2024-08-13', 'NV039'),

-- 30 Tài khoản Nhân viên (NVxxxx)
('TK021', 'NV0021', 'nv_pass21', '2023-10-01', '2023-10-02', '2024-05-05', 'NV002'),
('TK022', 'NV0022', 'nv_pass22', '2023-10-05', '2023-10-06', '2024-05-10', 'NV004'),
('TK023', 'NV0023', 'nv_pass23', '2023-10-10', '2023-10-11', '2024-05-15', 'NV006'),
('TK024', 'NV0024', 'nv_pass24', '2023-10-15', '2023-10-16', '2024-05-20', 'NV008'),
('TK025', 'NV0025', 'nv_pass25', '2023-10-20', '2023-10-21', '2024-05-25', 'NV010'),
('TK026', 'NV0026', 'nv_pass26', '2023-10-25', '2023-10-26', '2024-05-30', 'NV012'),
('TK027', 'NV0027', 'nv_pass27', '2023-11-01', '2023-11-02', '2024-06-04', 'NV014'),
('TK028', 'NV0028', 'nv_pass28', '2023-11-06', '2023-11-07', '2024-06-09', 'NV016'),
('TK029', 'NV0029', 'nv_pass29', '2023-11-11', '2023-11-12', '2024-06-14', 'NV018'),
('TK030', 'NV0030', 'nv_pass30', '2023-11-16', '2023-11-17', '2024-06-19', 'NV020'),
('TK031', 'NV0031', 'nv_pass31', '2023-11-21', '2023-11-22', '2024-06-24', 'NV022'),
('TK032', 'NV0032', 'nv_pass32', '2023-11-26', '2023-11-27', '2024-06-29', 'NV024'),
('TK033', 'NV0033', 'nv_pass33', '2023-12-01', '2023-12-02', '2024-07-04', 'NV026'),
('TK034', 'NV0034', 'nv_pass34', '2023-12-06', '2023-12-07', '2024-07-09', 'NV028'),
('TK035', 'NV0035', 'nv_pass35', '2023-12-11', '2023-12-12', '2024-07-14', 'NV030'),
('TK036', 'NV0036', 'nv_pass36', '2023-12-16', '2023-12-17', '2024-07-19', 'NV032'),
('TK037', 'NV0037', 'nv_pass37', '2023-12-21', '2023-12-22', '2024-07-24', 'NV034'),
('TK038', 'NV0038', 'nv_pass38', '2023-12-26', '2023-12-27', '2024-07-29', 'NV036'),
('TK039', 'NV0039', 'nv_pass39', '2024-01-03', '2024-01-04', '2024-08-03', 'NV038'),
('TK040', 'NV0040', 'nv_pass40', '2024-01-08', '2024-01-09', '2024-08-08', 'NV040'),
('TK041', 'NV0041', 'nv_pass41', '2024-01-13', '2024-01-14', '2024-08-13', 'NV042'),
('TK042', 'NV0042', 'nv_pass42', '2024-01-18', '2024-01-19', '2024-08-18', 'NV044'),
('TK043', 'NV0043', 'nv_pass43', '2024-01-23', '2024-01-24', '2024-08-23', 'NV046'),
('TK044', 'NV0044', 'nv_pass44', '2024-01-28', '2024-01-29', '2024-08-28', 'NV048'),
('TK045', 'NV0045', 'nv_pass45', '2024-02-04', '2024-02-05', '2024-09-02', 'NV050'),
('TK046', 'NV0046', 'nv_pass46', '2024-02-09', '2024-02-10', '2024-09-07', 'NV052'),
('TK047', 'NV0047', 'nv_pass47', '2024-02-14', '2024-02-15', '2024-09-12', 'NV054'),
('TK048', 'NV0048', 'nv_pass48', '2024-02-19', '2024-02-20', '2024-09-17', 'NV056'),
('TK049', 'NV0049', 'nv_pass49', '2024-02-24', '2024-02-25', '2024-09-22', 'NV058'),
('TK050', 'NV0050', 'nv_pass50', '2024-02-29', '2024-03-01', '2024-09-27', 'NV060');


--Chèn dữ liệu vào bảng HangKhachHang
INSERT INTO HangKhachHang (maHang, diemHang, giamGia, moTa)
VALUES
('H1', 0, 0, N'Hạng thường - không giảm giá'),
('H2', 100, 5, N'Hạng Bạc - giảm 5%'),
('H3', 300, 10, N'Hạng Vàng - giảm 10%'),
('H4', 600, 15, N'Hạng Kim Cương - giảm 15%');

--Chèn dữ liệu vào bảng HangKhachHang
-- Chèn dữ liệu vào bảng KhachHang (200 bản ghi) với maKH là KHxxxx
INSERT INTO KhachHang (maKH, tenKH, sdt, diaChi, maHang, diemTichLuy)
VALUES 
('KH0001', N'Nguyễn Văn A', '0901111111', N'123 Lê Lợi, Quận 1, TP.HCM', 'H4', 1250),
('KH0002', N'Trần Thị B', '0912222222', N'456 Trần Hưng Đạo, Quận 5, TP.HCM', 'H3', 850),
('KH0003', N'Lê Văn C', '0983333333', N'789 Hai Bà Trưng, Ba Đình, Hà Nội', 'H2', 320),
('KH0004', N'Phạm Thị D', '0974444444', N'101 Nguyễn Văn Cừ, Long Biên, Hà Nội', 'H1', 80),
('KH0005', N'Hoàng Văn E', '0865555555', N'202 Bạch Đằng, Hải Châu, Đà Nẵng', 'H4', 1500),
('KH0006', N'Đỗ Thị F', '0886666666', N'303 Lê Duẩn, Thanh Khê, Đà Nẵng', 'H3', 910),
('KH0007', N'Vũ Văn G', '0707777777', N'404 Võ Văn Kiệt, Ninh Kiều, Cần Thơ', 'H2', 450),
('KH0008', N'Bùi Thị H', '0798888888', N'505 Trần Phú, Cái Răng, Cần Thơ', 'H1', 15),
('KH0009', N'Đặng Văn I', '0359999999', N'606 Hùng Vương, Hồng Bàng, Hải Phòng', 'H4', 1800),
('KH0010', N'Nguyễn Thị K', '0380000000', N'707 Điện Biên Phủ, Ngô Quyền, Hải Phòng', 'H3', 780),
('KH0011', N'Trần Văn L', '0901111112', N'808 Lý Thường Kiệt, TP. Huế', 'H2', 250),
('KH0012', N'Lê Thị M', '0912222223', N'909 Phạm Văn Đồng, TP. Nha Trang', 'H1', 45),
('KH0013', N'Phạm Văn N', '0983333334', N'1011 Thống Nhất, TP. Biên Hòa', 'H4', 1100),
('KH0014', N'Hoàng Thị O', '0974444445', N'1112 Cách Mạng Tháng 8, TP. Thủ Dầu Một', 'H3', 650),
('KH0015', N'Đỗ Văn P', '0865555556', N'1213 Trường Chinh, TP. Vinh', 'H2', 510),
('KH0016', N'Vũ Thị Q', '0886666667', N'1314 Trần Quang Khải, TP. Đà Lạt', 'H1', 20),
('KH0017', N'Bùi Văn R', '0707777778', N'1415 Phan Chu Trinh, TP. Quy Nhơn', 'H4', 1620),
('KH0018', N'Đặng Thị S', '0798888889', N'1516 Đinh Tiên Hoàng, TP. Vũng Tàu', 'H3', 950),
('KH0019', N'Nguyễn Văn T', '0359999900', N'1617 Lê Hồng Phong, TP. Nam Định', 'H2', 410),
('KH0020', N'Trần Thị U', '0380000001', N'1718 Nguyễn Tri Phương, TP. Long Xuyên', 'H1', 65),
('KH0021', N'Lê Văn V', '0901111113', N'1819 Phan Bội Châu, TP. Buôn Ma Thuột', 'H4', 1330),
('KH0022', N'Phạm Thị W', '0912222224', N'1920 Lý Thái Tổ, TP. Pleiku', 'H3', 750),
('KH0023', N'Hoàng Văn X', '0983333335', N'2021 Tôn Đức Thắng, TP. Rạch Giá', 'H2', 380),
('KH0024', N'Đỗ Thị Y', '0974444446', N'2122 Nguyễn Huệ, TP. Cà Mau', 'H1', 10),
('KH0025', N'Vũ Văn Z', '0865555557', N'2223 Nguyễn Trung Trực, TP. Phan Thiết', 'H4', 1050),
('KH0026', N'Bùi Thị AA', '0886666668', N'2324 Bà Triệu, TP. Kon Tum', 'H3', 810),
('KH0027', N'Đặng Văn BB', '0707777779', N'2425 Đồng Khởi, TP. Mỹ Tho', 'H2', 550),
('KH0028', N'Nguyễn Thị CC', '0798888890', N'2526 Nguyễn Đình Chiểu, TP. Bến Tre', 'H1', 30),
('KH0029', N'Trần Văn DD', '0359999901', N'2627 Mạc Đĩnh Chi, TP. Trà Vinh', 'H4', 1420),
('KH0030', N'Lê Thị EE', '0380000002', N'2728 Lê Thánh Tôn, TP. Sóc Trăng', 'H3', 720),
('KH0031', N'Phạm Văn FF', '0901111114', N'2829 Nguyễn Thị Minh Khai, TP. Bạc Liêu', 'H2', 290),
('KH0032', N'Hoàng Thị GG', '0912222225', N'2930 Cao Thắng, TP. Vĩnh Long', 'H1', 55),
('KH0033', N'Đỗ Văn HH', '0983333336', N'3031 Lý Thái Tổ, TP. Long Xuyên', 'H4', 1190),
('KH0034', N'Vũ Thị II', '0974444447', N'3132 Quốc lộ 1A, Hậu Giang', 'H3', 990),
('KH0035', N'Bùi Văn JJ', '0865555558', N'3233 Trần Hưng Đạo, TP. Cao Lãnh', 'H2', 490),
('KH0036', N'Đặng Thị KK', '0886666669', N'3334 Phạm Ngũ Lão, TP. Sa Đéc', 'H1', 25),
('KH0037', N'Nguyễn Văn LL', '0707777780', N'3435 Lê Hồng Phong, TP. Tân An', 'H4', 1750),
('KH0038', N'Trần Thị MM', '0798888891', N'3536 Đinh Bộ Lĩnh, TP. Tây Ninh', 'H3', 680),
('KH0039', N'Lê Văn NN', '0359999902', N'3637 Huỳnh Văn Nghệ, TP. Đồng Xoài', 'H2', 360),
('KH0040', N'Phạm Thị OO', '0380000003', N'3738 Võ Thị Sáu, TP. Bảo Lộc', 'H1', 40),
('KH0041', N'Hoàng Văn PP', '0901111115', N'3839 Lý Tự Trọng, TP. Tam Kỳ', 'H4', 1390),
('KH0042', N'Đỗ Thị QQ', '0912222226', N'3940 Nguyễn Huệ, TP. Quảng Ngãi', 'H3', 880),
('KH0043', N'Vũ Văn RR', '0983333337', N'4041 Phan Đình Phùng, TP. Đà Lạt', 'H2', 430),
('KH0044', N'Bùi Thị SS', '0974444448', N'4142 Trần Quốc Toản, TP. Hà Tĩnh', 'H1', 70),
('KH0045', N'Đặng Văn TT', '0865555559', N'4243 Lê Lợi, TP. Đồng Hới', 'H4', 1150),
('KH0046', N'Nguyễn Thị UU', '0886666670', N'4344 Nguyễn Du, TP. Đông Hà', 'H3', 790),
('KH0047', N'Trần Văn VV', '0707777781', N'4445 Hùng Vương, TP. Vinh', 'H2', 280),
('KH0048', N'Lê Thị WW', '0798888892', N'4546 Quang Trung, TP. Thanh Hóa', 'H1', 12),
('KH0049', N'Phạm Văn XX', '0359999903', N'4647 Trần Phú, TP. Nam Định', 'H4', 1650),
('KH0050', N'Hoàng Thị YY', '0380000004', N'4748 Phố Mới, TP. Lào Cai', 'H3', 930),
('KH0051', N'Đỗ Văn ZZ', '0901111116', N'4849 Nguyễn Thái Học, TP. Yên Bái', 'H2', 340),
('KH0052', N'Vũ Thị AAA', '0912222227', N'4950 Hoàng Liên, TP. Sơn La', 'H1', 50),
('KH0053', N'Bùi Văn BBB', '0983333338', N'5051 Hà Huy Tập, TP. Cao Bằng', 'H4', 1280),
('KH0054', N'Đặng Thị CCC', '0974444449', N'5152 Kim Đồng, TP. Bắc Kạn', 'H3', 820),
('KH0055', N'Nguyễn Văn DDD', '0865555560', N'5253 Trần Phú, TP. Tuyên Quang', 'H2', 530),
('KH0056', N'Trần Thị EEE', '0886666671', N'5354 Quang Trung, TP. Hà Giang', 'H1', 35),
('KH0057', N'Lê Văn FFF', '0707777782', N'5455 Nguyễn Chí Thanh, TP. Việt Trì', 'H4', 1550),
('KH0058', N'Phạm Thị GGG', '0798888893', N'5556 Hùng Vương, TP. Lạng Sơn', 'H3', 760),
('KH0059', N'Hoàng Văn HHH', '0359999904', N'5657 Hoàng Hoa Thám, TP. Bắc Ninh', 'H2', 310),
('KH0060', N'Đỗ Thị III', '0380000005', N'5758 Trần Nguyên Hãn, TP. Bắc Giang', 'H1', 60),
('KH0061', N'Vũ Văn JJJ', '0901111117', N'5859 Nguyễn Lương Bằng, TP. Phủ Lý', 'H4', 1480),
('KH0062', N'Bùi Thị KKK', '0912222228', N'5960 Lê Đại Hành, TP. Hưng Yên', 'H3', 960),
('KH0063', N'Đặng Văn LLL', '0983333339', N'6061 Trần Quốc Toản, TP. Thái Bình', 'H2', 400),
('KH0064', N'Nguyễn Thị MMM', '0974444450', N'6162 Trường Chinh, TP. Nam Định', 'H1', 18),
('KH0065', N'Trần Văn NNN', '0865555561', N'6263 Đinh Tiên Hoàng, TP. Ninh Bình', 'H4', 1700),
('KH0066', N'Lê Thị OOO', '0886666672', N'6364 Nguyễn Huệ, TP. Việt Trì', 'H3', 700),
('KH0067', N'Phạm Văn PPP', '0707777783', N'6465 Lê Lợi, TP. Hòa Bình', 'H2', 260),
('KH0068', N'Hoàng Thị QQQ', '0798888894', N'6566 Trần Phú, TP. Vĩnh Yên', 'H1', 48),
('KH0069', N'Đỗ Văn RRR', '0359999905', N'6667 Hùng Vương, TP. Thái Nguyên', 'H4', 1300),
('KH0070', N'Vũ Thị SSS', '0380000006', '6768 Phan Đình Phùng, TP. Sơn La', 'H3', 890),
('KH0071', N'Bùi Văn TTT', '0901111118', N'6869 Nguyễn Tri Phương, TP. Điện Biên', 'H2', 520),
('KH0072', N'Đặng Thị UUU', '0912222229', N'6970 Nguyễn Huệ, TP. Lai Châu', 'H1', 22),
('KH0073', N'Nguyễn Văn VVV', '0983333340', N'7071 Lê Lợi, TP. Móng Cái', 'H4', 1120),
('KH0074', N'Trần Thị WWW', '0974444451', N'7172 Trần Phú, TP. Cẩm Phả', 'H3', 690),
('KH0075', N'Lê Văn XXX', '0865555562', N'7273 Nguyễn Trãi, TP. Uông Bí', 'H2', 370),
('KH0076', N'Phạm Thị YYY', '0886666673', N'7374 Hùng Vương, TP. Ninh Bình', 'H1', 5),
('KH0077', N'Hoàng Văn ZZZ', '0707777784', N'7475 Trần Hưng Đạo, TP. Bắc Giang', 'H4', 1600),
('KH0078', N'Đỗ Thị AAAA', '0798888895', N'7576 Lê Lợi, TP. Sông Công', 'H3', 980),
('KH0079', N'Vũ Văn BBBB', '0359999906', N'7677 Nguyễn Huệ, TP. Từ Sơn', 'H2', 440),
('KH0080', N'Bùi Thị CCCC', '0380000007', N'7778 Quang Trung, TP. Phổ Yên', 'H1', 85),
('KH0081', N'Đặng Văn DDDD', '0901111119', N'7879 Phan Bội Châu, TP. Phúc Yên', 'H4', 1450),
('KH0082', N'Nguyễn Thị EEEE', '0912222230', N'7980 Lý Thường Kiệt, TP. Lào Cai', 'H3', 840),
('KH0083', N'Trần Văn FFFF', '0983333341', N'8081 Lê Lợi, TP. Cao Bằng', 'H2', 390),
('KH0084', N'Lê Thị GGGG', '0974444452', N'8182 Trần Hưng Đạo, TP. Bắc Kạn', 'H1', 17),
('KH0085', N'Phạm Văn HHHH', '0865555563', N'8283 Nguyễn Huệ, TP. Tuyên Quang', 'H4', 1220),
('KH0086', N'Hoàng Thị IIII', '0886666674', N'8384 Hùng Vương, TP. Hà Giang', 'H3', 670),
('KH0087', N'Đỗ Văn JJJJ', '0707777785', N'8485 Trần Phú, TP. Vĩnh Yên', 'H2', 460),
('KH0088', N'Vũ Thị KKKK', '0798888896', N'8586 Nguyễn Du, TP. Phúc Yên', 'H1', 42),
('KH0089', N'Bùi Văn LLLL', '0359999907', N'8687 Lê Lợi, TP. Bắc Ninh', 'H4', 1580),
('KH0090', N'Đặng Thị MMMM', '0380000008', N'8788 Nguyễn Huệ, TP. Bắc Giang', 'H3', 940),
('KH0091', N'Nguyễn Văn NNNN', '0901111120', N'8889 Hùng Vương, TP. Lạng Sơn', 'H2', 330),
('KH0092', N'Trần Thị OOOO', '0912222231', N'8990 Quang Trung, TP. Cao Bằng', 'H1', 68),
('KH0093', N'Lê Văn PPPP', '0983333342', N'9091 Trần Phú, TP. Hà Giang', 'H4', 1180),
('KH0094', N'Phạm Thị QQQQ', '0974444453', N'9192 Nguyễn Huệ, TP. Yên Bái', 'H3', 740),
('KH0095', N'Hoàng Văn RRRR', '0865555564', N'9293 Lê Lợi, TP. Sơn La', 'H2', 480),
('KH0096', N'Đỗ Thị SSSS', '0886666675', N'9394 Hùng Vương, TP. Lai Châu', 'H1', 28),
('KH0097', N'Vũ Văn TTTT', '0707777786', N'9495 Trần Hưng Đạo, TP. Điện Biên', 'H4', 1680),
('KH0098', N'Bùi Thị UUUU', '0798888897', N'9596 Nguyễn Huệ, TP. Điện Biên', 'H3', 970),
('KH0099', 'Đặng Văn VVVV', '0359999908', N'9697 Lê Lợi, TP. Lai Châu', 'H2', 540),
('KH0100', N'Nguyễn Thị WWWW', '0380000009', N'9798 Trần Phú, TP. Sơn La', 'H1', 37),
('KH0101', N'Trần Văn XXXX', '0901111121', N'9899 Hùng Vương, TP. Lào Cai', 'H4', 1530),
('KH0102', N'Lê Thị YYYY', '0912222232', N'9910 Nguyễn Huệ, TP. Yên Bái', 'H3', 800),
('KH0103', N'Phạm Văn ZZZZ', '0983333343', N'1001 Lê Lợi, TP. Tuyên Quang', 'H2', 420),
('KH0104', N'Hoàng Thị A1', '0974444454', N'1012 Trần Hưng Đạo, TP. Hà Giang', 'H1', 11),
('KH0105', N'Đỗ Văn B2', '0865555565', N'1023 Nguyễn Văn Cừ, TP. Hải Dương', 'H4', 1290),
('KH0106', N'Vũ Thị C3', '0886666676', N'1034 Trần Hưng Đạo, TP. Hưng Yên', 'H3', 710),
('KH0107', N'Bùi Văn D4', '0707777787', N'1045 Hai Bà Trưng, TP. Thái Bình', 'H2', 300),
('KH0108', N'Đặng Thị E5', '0798888898', N'1056 Nguyễn Tri Phương, TP. Nam Định', 'H1', 52),
('KH0109', N'Nguyễn Văn F6', '0359999909', N'1067 Lê Lợi, TP. Ninh Bình', 'H4', 1400),
('KH0110', N'Trần Thị G7', '0380000010', N'1078 Nguyễn Huệ, TP. Phủ Lý', 'H3', 860),
('KH0111', N'Lê Văn H8', '0901111122', N'1089 Hùng Vương, TP. Hoà Bình', 'H2', 500),
('KH0112', N'Phạm Thị I9', '0912222233', N'10910 Trần Phú, TP. Vĩnh Yên', 'H1', 24),
('KH0113', N'Hoàng Văn J10', '0983333344', N'11011 Nguyễn Huệ, TP. Tuyên Quang', 'H4', 1670),
('KH0114', N'Đỗ Thị K11', '0974444455', N'11112 Lê Lợi, TP. Việt Trì', 'H3', 900),
('KH0115', N'Vũ Văn L12', '0865555566', N'11213 Trần Hưng Đạo, TP. Tam Kỳ', 'H2', 470),
('KH0116', N'Bùi Thị M13', '0886666677', N'11314 Nguyễn Văn Cừ, TP. Quảng Ngãi', 'H1', 62),
('KH0117', N'Đặng Văn N14', '0707777788', N'11415 Phan Chu Trinh, TP. Quy Nhơn', 'H4', 1140),
('KH0118', N'Nguyễn Thị O15', '0798888899', N'11516 Trần Phú, TP. Tuy Hòa', 'H3', 660),
('KH0119', N'Trần Văn P16', '0359999910', N'11617 Lý Thường Kiệt, TP. Nha Trang', 'H2', 350),
('KH0120', N'Lê Thị Q17', '0380000011', N'11718 Nguyễn Huệ, TP. Phan Rang', 'H1', 9),
('KH0121', N'Phạm Văn R18', '0901111123', N'11819 Hùng Vương, TP. Đà Lạt', 'H4', 1320),
('KH0122', N'Hoàng Thị S19', '0912222234', N'11920 Trần Phú, TP. Bảo Lộc', 'H3', 770),
('KH0123', N'Đỗ Văn T20', '0983333345', N'12021 Nguyễn Tri Phương, TP. Kon Tum', 'H2', 560),
('KH0124', N'Vũ Thị U21', '0974444456', N'12122 Lê Lợi, TP. Pleiku', 'H1', 27),
('KH0125', N'Bùi Văn V22', '0865555567', N'12223 Trần Hưng Đạo, TP. Buôn Ma Thuột', 'H4', 1470),
('KH0126', N'Đặng Thị W23', '0886666678', N'12324 Nguyễn Văn Cừ, TP. Gia Nghĩa', 'H3', 920),
('KH0127', N'Nguyễn Văn X24', '0707777789', N'12425 Hai Bà Trưng, TP. Đồng Xoài', 'H2', 390),
('KH0128', N'Trần Thị Y25', '0798888900', N'12526 Trần Hưng Đạo, TP. Tây Ninh', 'H1', 75),
('KH0129', N'Lê Văn Z26', '0359999911', N'12627 Lê Lợi, TP. Bến Tre', 'H4', 1850),
('KH0130', N'Phạm Thị A27', '0380000012', N'12728 Nguyễn Huệ, TP. Mỹ Tho', 'H3', 830),
('KH0131', N'Hoàng Văn B28', '0901111124', N'12829 Hùng Vương, TP. Vĩnh Long', 'H2', 450),
('KH0132', N'Đỗ Thị C29', '0912222235', N'12930 Trần Phú, TP. Sa Đéc', 'H1', 19),
('KH0133', N'Vũ Văn D30', '0983333346', N'13031 Nguyễn Tri Phương, TP. Cao Lãnh', 'H4', 1170),
('KH0134', N'Bùi Thị E31', '0974444457', N'13132 Lê Lợi, TP. Long Xuyên', 'H3', 680),
('KH0135', N'Đặng Văn F32', '0865555568', N'13233 Trần Hưng Đạo, TP. Rạch Giá', 'H2', 270),
('KH0136', N'Nguyễn Thị G33', '0886666679', N'13334 Nguyễn Văn Cừ, TP. Hà Tiên', 'H1', 44),
('KH0137', N'Trần Văn H34', '0707777790', N'13435 Hai Bà Trưng, TP. Cà Mau', 'H4', 1520),
('KH0138', N'Lê Thị I35', '0798888901', N'13536 Trần Hưng Đạo, TP. Bạc Liêu', 'H3', 950),
('KH0139', N'Phạm Văn J36', '0359999912', N'13637 Lê Lợi, TP. Sóc Trăng', 'H2', 410),
('KH0140', N'Hoàng Thị K37', '0380000013', N'13738 Nguyễn Huệ, TP. Trà Vinh', 'H1', 78),
('KH0141', N'Đỗ Văn L38', '0901111125', N'13839 Hùng Vương, TP. Châu Đốc', 'H4', 1350),
('KH0142', N'Vũ Thị M39', '0912222236', '13940 Trần Phú, TP. Long Xuyên', 'H3', 870),
('KH0143', N'Bùi Văn N40', '0983333347', N'14041 Nguyễn Tri Phương, TP. Vĩnh Long', 'H2', 510),
('KH0144', N'Đặng Thị O41', '0974444458', N'14142 Lê Lợi, TP. Mỹ Tho', 'H1', 16),
('KH0145', N'Nguyễn Văn P42', '0865555569', N'14243 Trần Hưng Đạo, TP. Bến Tre', 'H4', 1630),
('KH0146', N'Trần Thị Q43', '0886666680', N'14344 Nguyễn Văn Cừ, TP. Trà Vinh', 'H3', 730),
('KH0147', N'Lê Văn R44', '0707777791', N'14445 Hai Bà Trưng, TP. Sóc Trăng', 'H2', 320),
('KH0148', N'Phạm Thị S45', '0798888902', N'14546 Trần Hưng Đạo, TP. Bạc Liêu', 'H1', 39),
('KH0149', N'Hoàng Văn T46', '0359999913', N'14647 Lê Lợi, TP. Cà Mau', 'H4', 1210),
('KH0150', N'Đỗ Thị U47', '0380000014', N'14748 Nguyễn Huệ, TP. Rạch Giá', 'H3', 790),
('KH0151', N'Vũ Văn V48', '0901111126', N'14849 Hùng Vương, TP. Phú Quốc', 'H2', 430),
('KH0152', N'Bùi Thị W49', '0912222237', '14950 Trần Phú, TP. Hà Tiên', 'H1', 60),
('KH0153', N'Đặng Văn X50', '0983333348', N'15051 Nguyễn Tri Phương, TP. Vĩnh Long', 'H4', 1570),
('KH0154', N'Nguyễn Thị Y51', '0974444459', N'15152 Lê Lợi, TP. Cao Lãnh', 'H3', 910),
('KH0155', N'Trần Văn Z52', '0865555570', N'15253 Trần Hưng Đạo, TP. Đồng Xoài', 'H2', 380),
('KH0156', N'Lê Thị A53', '0886666681', N'15354 Nguyễn Văn Cừ, TP. Tây Ninh', 'H1', 21),
('KH0157', N'Phạm Văn B54', '0707777792', N'15455 Hai Bà Trưng, TP. Thủ Dầu Một', 'H4', 1460),
('KH0158', N'Hoàng Thị C55', '0798888903', N'15556 Trần Hưng Đạo, TP. Biên Hòa', 'H3', 880),
('KH0159', N'Đỗ Văn D56', '0359999914', N'15657 Lê Lợi, TP. Long Thành', 'H2', 490),
('KH0160', N'Vũ Thị E57', '0380000015', N'15758 Nguyễn Huệ, TP. Vũng Tàu', 'H1', 13),
('KH0161', N'Bùi Văn F58', '0901111127', N'15859 Hùng Vương, TP. Bà Rịa', 'H4', 1370),
('KH0162', N'Đặng Thị G59', '0912222238', '15960 Trần Phú, TP. Phan Thiết', 'H3', 760),
('KH0163', N'Nguyễn Văn H60', '0983333349', N'16061 Nguyễn Tri Phương, TP. Đà Lạt', 'H2', 550),
('KH0164', N'Trần Thị I61', '0974444460', N'16162 Lê Lợi, TP. Bảo Lộc', 'H1', 47),
('KH0165', N'Lê Văn J62', '0865555571', N'16263 Trần Hưng Đạo, TP. Buôn Ma Thuột', 'H4', 1110),
('KH0166', N'Phạm Thị K63', '0886666682', '16364 Nguyễn Văn Cừ, TP. Gia Nghĩa', 'H3', 690),
('KH0167', N'Hoàng Văn L64', '0707777793', N'16465 Hai Bà Trưng, TP. Pleiku', 'H2', 340),
('KH0168', N'Đỗ Thị M65', '0798888904', N'16566 Trần Hưng Đạo, TP. Kon Tum', 'H1', 58),
('KH0169', N'Vũ Văn N66', '0359999915', N'16667 Lê Lợi, TP. Quy Nhơn', 'H4', 1690),
('KH0170', N'Bùi Thị O67', '0380000016', N'16768 Nguyễn Huệ, TP. Tam Kỳ', 'H3', 980),
('KH0171', N'Đặng Văn P68', '0901111128', N'16869 Hùng Vương, TP. Quảng Ngãi', 'H2', 400),
('KH0172', N'Nguyễn Thị Q69', '0912222239', N'16970 Trần Phú, TP. Tuy Hòa', 'H1', 29),
('KH0173', N'Trần Văn R70', '0983333350', N'17071 Nguyễn Tri Phương, TP. Nha Trang', 'H4', 1410),
('KH0174', N'Lê Thị S71', '0974444461', N'17172 Lê Lợi, TP. Phan Rang', 'H3', 850),
('KH0175', N'Phạm Văn T72', '0865555572', N'17273 Trần Hưng Đạo, TP. Cần Thơ', 'H2', 520),
('KH0176', N'Hoàng Thị U73', '0886666683', N'17374 Nguyễn Văn Cừ, TP. Long Xuyên', 'H1', 72),
('KH0177', N'Đỗ Văn V74', '0707777794', N'17475 Hai Bà Trưng, TP. Rạch Giá', 'H4', 1270),
('KH0178', N'Vũ Thị W75', '0798888905', N'17576 Trần Hưng Đạo, TP. Hà Tiên', 'H3', 650),
('KH0179', N'Bùi Văn X76', '0359999916', N'17677 Lê Lợi, TP. Cà Mau', 'H2', 330),
('KH0180', N'Đặng Thị Y77', '0380000017', N'17778 Nguyễn Huệ, TP. Bạc Liêu', 'H1', 54),
('KH0181', N'Nguyễn Văn Z78', '0901111129', N'17879 Hùng Vương, TP. Sóc Trăng', 'H4', 1560),
('KH0182', N'Trần Thị A79', '0912222240', '17980 Trần Phú, TP. Trà Vinh', 'H3', 900),
('KH0183', N'Lê Văn B80', '0983333351', N'18081 Nguyễn Tri Phương, TP. Bến Tre', 'H2', 460),
('KH0184', N'Phạm Thị C81', '0974444462', N'18182 Lê Lợi, TP. Mỹ Tho', 'H1', 15),
('KH0185', N'Hoàng Văn D82', '0865555573', N'18283 Trần Hưng Đạo, TP. Vĩnh Long', 'H4', 1380),
('KH0186', N'Đỗ Thị E83', '0886666684', N'18384 Nguyễn Văn Cừ, TP. Cao Lãnh', 'H3', 780),
('KH0187', N'Vũ Văn F84', '0707777795', N'18485 Hai Bà Trưng, TP. Sa Đéc', 'H2', 290),
('KH0188', N'Bùi Thị G85', '0798888906', N'18586 Trần Hưng Đạo, TP. Long Xuyên', 'H1', 63),
('KH0189', N'Đặng Văn H86', '0359999917', N'18687 Lê Lợi, TP. Biên Hòa', 'H4', 1160),
('KH0190', N'Nguyễn Thị I87', '0380000018', N'18788 Nguyễn Huệ, TP. Thủ Dầu Một', 'H3', 700),
('KH0191', N'Trần Văn J88', '0901111130', N'18889 Hùng Vương, TP. Vũng Tàu', 'H2', 400),
('KH0192', N'Lê Thị K89', '0912222241', '18990 Trần Phú, TP. Bà Rịa', 'H1', 32),
('KH0193', N'Phạm Văn L90', '0983333352', N'19091 Nguyễn Tri Phương, TP. Phan Thiết', 'H4', 1510),
('KH0194', N'Hoàng Thị M91', '0974444463', N'19192 Lê Lợi, TP. Đà Lạt', 'H3', 890),
('KH0195', N'Đỗ Văn N92', '0865555574', N'19293 Trần Hưng Đạo, TP. Bảo Lộc', 'H2', 500),
('KH0196', N'Vũ Thị O93', '0886666685', N'19394 Nguyễn Văn Cừ, TP. Buôn Ma Thuột', 'H1', 26),
('KH0197', N'Bùi Văn P94', '0707777796', N'19495 Hai Bà Trưng, TP. Gia Nghĩa', 'H4', 1430),
('KH0198', N'Đặng Thị Q95', '0798888907', N'19596 Trần Hưng Đạo, TP. Pleiku', 'H3', 920),
('KH0199', N'Nguyễn Văn R96', '0359999918', N'19697 Lê Lợi, TP. Kon Tum', 'H2', 470),
('KH0200', N'Trần Thị S97', '0380000019', N'19798 Nguyễn Huệ, TP. Quy Nhơn', 'H1', 70);

--Chèn dữ liệu cho loaiBan
INSERT INTO [dbo].[LoaiBan] (maLoaiBan, tenLoaiBan, soLuong) VALUES
('LB01', 'Bàn nhỏ', 10),
('LB02', 'Bàn thường', 20),
('LB03', 'Bàn lớn', 15);

-- Thêm dữ liệu cho Ban
INSERT INTO [dbo].[Ban] (maBan, viTri, trangThai, maLoaiBan) VALUES
('B01', '1', 1, 'LB01'),
('B02', '2', 0, 'LB01'),
('B03', '3', 1, 'LB02'),
('B04', '4', 0, 'LB02'),
('B05', '5', 1, 'LB03'),
('B06', '6', 0, 'LB03'),
('B07', '7', 1, 'LB02'),
('B08', '8', 1, 'LB01'),
('B09', '9', 0, 'LB03'),
('B10', '10', 1, 'LB02');