INSERT INTO [dbo].[NhanVien] (maNV, tenNV, chucVu, email, namSinh, diaChi, gioiTinh, ngayVaoLam, trangThai)
VALUES 
('NV001', N'Nguyễn Văn A', N'QL', 'nv.a@example.com', '1990-01-01', N'Số 1, Đường A, TP.HCM', 1, '2020-01-01', 1),
('NV002', N'Trần Thị B', N'NV', 'nv.b@example.com', '1992-02-02', N'Số 2, Đường B, Hà Nội', 0, '2021-02-01', 1),
('NV003', N'Lê Văn C', N'QL', 'nv.c@example.com', '1995-03-03', N'Số 3, Đường C, Đà Nẵng', 1, '2019-03-01', 1),
('NV004', N'Phạm Thị D', N'NV', 'nv.d@example.com', '1988-04-04', N'Số 4, Đường D, Cần Thơ', 0, '2022-04-01', 1),
('NV005', N'Hoàng Văn E', N'QL', 'nv.e@example.com', '1991-05-05', N'Số 5, Đường E, Hải Phòng', 1, '2018-05-01', 1),
('NV006', N'Đỗ Thị F', N'NV', 'nv.f@example.com', '1993-06-06', N'Số 6, Đường F, Huế', 0, '2023-06-01', 1),
('NV007', N'Vũ Văn G', N'QL', 'nv.g@example.com', '1994-07-07', N'Số 7, Đường G, Nha Trang', 1, '2017-07-01', 1),
('NV008', N'Bùi Thị H', N'NV', 'nv.h@example.com', '1996-08-08', N'Số 8, Đường H, Biên Hòa', 0, '2020-08-01', 1),
('NV009', N'Đặng Văn I', N'QL', 'nv.i@example.com', '1989-09-09', N'Số 9, Đường I, Vũng Tàu', 1, '2019-09-01', 1),
('NV010', N'Nguyễn Thị K', N'NV', 'nv.k@example.com', '1997-10-10', N'Số 10, Đường K, Bình Dương', 0, '2021-10-01', 1),
('NV011', N'Trần Văn L', N'QL', 'nv.l@example.com', '1990-11-11', N'Số 11, Đường L, Đồng Nai', 1, '2022-11-01', 1),
('NV012', N'Lê Thị M', N'NV', 'nv.m@example.com', '1992-12-12', N'Số 12, Đường M, Long An', 0, '2023-12-01', 1),
('NV013', N'Phạm Văn N', N'QL', 'nv.n@example.com', '1995-01-13', N'Số 13, Đường N, Tiền Giang', 1, '2018-01-15', 1),
('NV014', N'Hoàng Thị O', N'NV', 'nv.o@example.com', '1988-02-14', N'Số 14, Đường O, An Giang', 0, '2019-02-20', 1),
('NV015', N'Đỗ Văn P', N'QL', 'nv.p@example.com', '1991-03-15', N'Số 15, Đường P, Kiên Giang', 1, '2020-03-10', 1),
('NV016', N'Vũ Thị Q', N'NV', 'nv.q@example.com', '1993-04-16', N'Số 16, Đường Q, Khánh Hòa', 0, '2021-04-05', 1),
('NV017', N'Bùi Văn R', N'QL', 'nv.r@example.com', '1994-05-17', N'Số 17, Đường R, Nghệ An', 1, '2022-05-01', 1),
('NV018', N'Đặng Thị S', N'NV', 'nv.s@example.com', '1996-06-18', N'Số 18, Đường S, Thanh Hóa', 0, '2023-06-15', 1),
('NV019', N'Nguyễn Văn T', N'QL', 'nv.t@example.com', '1989-07-19', N'Số 19, Đường T, Quảng Ninh', 1, '2018-07-25', 1),
('NV020', N'Trần Thị U', N'NV', 'nv.u@example.com', '1997-08-20', N'Số 20, Đường U, Quảng Nam', 0, '2019-08-01', 1),
('NV021', N'Lê Văn V', N'QL', 'nv.v@example.com', '1990-09-21', N'Số 21, Đường V, Bình Thuận', 1, '2020-09-10', 1),
('NV022', N'Phạm Thị W', N'NV', 'nv.w@example.com', '1992-10-22', N'Số 22, Đường W, Lâm Đồng', 0, '2021-10-20', 1),
('NV023', N'Hoàng Văn X', N'QL', 'nv.x@example.com', '1995-11-23', N'Số 23, Đường X, Gia Lai', 1, '2022-11-25', 1),
('NV024', N'Đỗ Thị Y', N'NV', 'nv.y@example.com', '1988-12-24', N'Số 24, Đường Y, Đắk Lắk', 0, '2023-12-10', 1),
('NV025', N'Vũ Văn Z', N'QL', 'nv.z@example.com', '1991-01-25', N'Số 25, Đường Z, Kon Tum', 1, '2018-01-30', 1),
('NV026', N'Bùi Thị AA', N'NV', 'nv.aa@example.com', '1993-02-26', N'Số 26, Đường AA, Bình Phước', 0, '2019-02-15', 1),
('NV027', N'Đặng Văn BB', N'QL', 'nv.bb@example.com', '1994-03-27', N'Số 27, Đường BB, Tây Ninh', 1, '2020-03-05', 1),
('NV028', N'Nguyễn Thị CC', N'NV', 'nv.cc@example.com', '1996-04-28', N'Số 28, Đường CC, Bến Tre', 0, '2021-04-12', 1),
('NV029', N'Trần Văn DD', N'QL', 'nv.dd@example.com', '1989-05-29', N'Số 29, Đường DD, Trà Vinh', 1, '2022-05-08', 1),
('NV030', N'Lê Thị EE', N'NV', 'nv.ee@example.com', '1997-06-30', N'Số 30, Đường EE, Sóc Trăng', 0, '2023-06-20', 1),
('NV031', N'Phạm Văn FF', N'QL', 'nv.ff@example.com', '1990-07-01', N'Số 31, Đường FF, Bạc Liêu', 1, '2018-07-01', 1),
('NV032', N'Hoàng Thị GG', N'NV', 'nv.gg@example.com', '1992-08-02', N'Số 32, Đường GG, Cà Mau', 0, '2019-08-05', 1),
('NV033', N'Đỗ Văn HH', N'QL', 'nv.hh@example.com', '1995-09-03', N'Số 33, Đường HH, Vĩnh Long', 1, '2020-09-15', 1),
('NV034', N'Vũ Thị II', N'NV', 'nv.ii@example.com', '1988-10-04', N'Số 34, Đường II, Hậu Giang', 0, '2021-10-25', 1),
('NV035', N'Bùi Văn JJ', N'QL', 'nv.jj@example.com', '1991-11-05', N'Số 35, Đường JJ, Đồng Tháp', 1, '2022-11-30', 1),
('NV036', N'Đặng Thị KK', N'NV', 'nv.kk@example.com', '1993-12-06', N'Số 36, Đường KK, Vĩnh Phúc', 0, '2023-12-12', 1),
('NV037', N'Nguyễn Văn LL', N'QL', 'nv.ll@example.com', '1994-01-07', N'Số 37, Đường LL, Bắc Ninh', 1, '2018-01-22', 1),
('NV038', N'Trần Thị MM', N'NV', 'nv.mm@example.com', '1996-02-08', N'Số 38, Đường MM, Bắc Giang', 0, '2019-02-08', 1),
('NV039', N'Lê Văn NN', N'QL', 'nv.nn@example.com', '1989-03-09', N'Số 39, Đường NN, Thái Nguyên', 1, '2020-03-18', 1),
('NV040', N'Phạm Thị OO', N'NV', 'nv.oo@example.com', '1997-04-10', N'Số 40, Đường OO, Phú Thọ', 0, '2021-04-28', 1),
('NV041', N'Hoàng Văn PP', N'QL', 'nv.pp@example.com', '1990-05-11', N'Số 41, Đường PP, Lạng Sơn', 1, '2022-05-15', 1),
('NV042', N'Đỗ Thị QQ', N'NV', 'nv.qq@example.com', '1992-06-12', N'Số 42, Đường QQ, Cao Bằng', 0, '2023-06-05', 1),
('NV043', N'Vũ Văn RR', N'QL', 'nv.rr@example.com', '1995-07-13', N'Số 43, Đường RR, Hà Giang', 1, '2018-07-10', 1),
('NV044', N'Bùi Thị SS', N'NV', 'nv.ss@example.com', '1988-08-14', N'Số 44, Đường SS, Tuyên Quang', 0, '2019-08-20', 1),
('NV045', N'Đặng Văn TT', N'QL', 'nv.tt@example.com', '1991-09-15', N'Số 45, Đường TT, Lào Cai', 1, '2020-09-01', 1),
('NV046', N'Nguyễn Thị UU', N'NV', 'nv.uu@example.com', '1993-10-16', N'Số 46, Đường UU, Yên Bái', 0, '2021-10-10', 1),
('NV047', N'Trần Văn VV', N'QL', 'nv.vv@example.com', '1994-11-17', N'Số 47, Đường VV, Sơn La', 1, '2022-11-20', 1),
('NV048', N'Lê Thị WW', N'NV', 'nv.ww@example.com', '1996-12-18', N'Số 48, Đường WW, Lai Châu', 0, '2023-12-08', 1),
('NV049', N'Phạm Văn XX', N'QL', 'nv.xx@example.com', '1989-01-19', N'Số 49, Đường XX, Điện Biên', 1, '2018-01-28', 1),
('NV050', N'Hoàng Thị YY', N'NV', 'nv.yy@example.com', '1997-02-20', N'Số 50, Đường YY, Hòa Bình', 0, '2019-02-28', 1),
('NV051', N'Đỗ Văn ZZ', N'QL', 'nv.zz@example.com', '1990-03-21', N'Số 51, Đường ZZ, Hà Nam', 1, '2020-03-22', 1),
('NV052', N'Vũ Thị AAA', N'NV', 'nv.aaa@example.com', '1992-04-22', N'Số 52, Đường AAA, Nam Định', 0, '2021-04-18', 1),
('NV053', N'Bùi Văn BBB', N'QL', 'nv.bbb@example.com', '1995-05-23', N'Số 53, Đường BBB, Ninh Bình', 1, '2022-05-10', 1),
('NV054', N'Đặng Thị CCC', N'NV', 'nv.ccc@example.com', '1988-06-24', N'Số 54, Đường CCC, Thái Bình', 0, '2023-06-01', 1),
('NV055', N'Nguyễn Văn DDD', N'QL', 'nv.ddd@example.com', '1991-07-25', N'Số 55, Đường DDD, Hà Tĩnh', 1, '2018-07-05', 1),
('NV056', N'Trần Thị EEE', N'NV', 'nv.eee@example.com', '1993-08-26', N'Số 56, Đường EEE, Quảng Bình', 0, '2019-08-15', 1),
('NV057', N'Lê Văn FFF', N'QL', 'nv.fff@example.com', '1994-09-27', N'Số 57, Đường FFF, Quảng Trị', 1, '2020-09-25', 1),
('NV058', N'Phạm Thị GGG', N'NV', 'nv.ggg@example.com', '1996-10-28', N'Số 58, Đường GGG, Thừa Thiên Huế', 0, '2021-10-05', 1),
('NV059', N'Hoàng Văn HHH', N'QL', 'nv.hhh@example.com', '1989-11-29', N'Số 59, Đường HHH, Quảng Ngãi', 1, '2022-11-18', 1),
('NV060', N'Đỗ Thị III', N'NV', 'nv.iii@example.com', '1997-12-30', N'Số 60, Đường III, Bình Định', 0, '2023-12-25', 1),
('NV061', N'Vũ Văn JJJ', N'QL', 'nv.jjj@example.com', '1990-01-05', N'Số 61, Đường JJJ, Phú Yên', 1, '2018-01-10', 1),
('NV062', N'Bùi Thị KKK', N'NV', 'nv.kkk@example.com', '1992-02-10', N'Số 62, Đường KKK, Đắk Nông', 0, '2019-02-05', 1),
('NV063', N'Đặng Văn LLL', N'QL', 'nv.lll@example.com', '1995-03-15', N'Số 63, Đường LLL, Kon Tum', 1, '2020-03-08', 1),
('NV064', N'Nguyễn Thị MMM', N'NV', 'nv.mmm@example.com', '1988-04-20', N'Số 64, Đường MMM, Gia Lai', 0, '2021-04-15', 1),
('NV065', N'Trần Văn NNN', N'QL', 'nv.nnn@example.com', '1991-05-25', N'Số 65, Đường NNN, Bình Phước', 1, '2022-05-20', 1),
('NV066', N'Lê Thị OOO', N'NV', 'nv.ooo@example.com', '1993-06-01', N'Số 66, Đường OOO, Tây Ninh', 0, '2023-06-10', 1),
('NV067', N'Phạm Văn PPP', N'QL', 'nv.ppp@example.com', '1994-07-06', N'Số 67, Đường PPP, Bà Rịa - Vũng Tàu', 1, '2018-07-15', 1),
('NV068', N'Hoàng Thị QQQ', N'NV', 'nv.qqq@example.com', '1996-08-11', N'Số 68, Đường QQQ, Long An', 0, '2019-08-25', 1),
('NV069', N'Đỗ Văn RRR', N'QL', 'nv.rrr@example.com', '1989-09-16', N'Số 69, Đường RRR, Tiền Giang', 1, '2020-09-05', 1),
('NV070', N'Vũ Thị SSS', N'NV', 'nv.sss@example.com', '1997-10-21', N'Số 70, Đường SSS, Đồng Tháp', 0, '2021-10-14', 1),
('NV071', N'Bùi Văn TTT', N'QL', 'nv.ttt@example.com', '1990-11-26', N'Số 71, Đường TTT, Vĩnh Long', 1, '2022-11-01', 1),
('NV072', N'Đặng Thị UUU', N'NV', 'nv.uuu@example.com', '1992-12-31', N'Số 72, Đường UUU, An Giang', 0, '2023-12-05', 1),
('NV073', N'Nguyễn Văn VVV', N'QL', 'nv.vvv@example.com', '1995-01-10', N'Số 73, Đường VVV, Kiên Giang', 1, '2018-01-01', 1),
('NV074', N'Trần Thị WWW', N'NV', 'nv.www@example.com', '1988-02-15', N'Số 74, Đường WWW, Cần Thơ', 0, '2019-02-18', 1),
('NV075', N'Lê Văn XXX', N'QL', 'nv.xxx@example.com', '1991-03-20', N'Số 75, Đường XXX, Hậu Giang', 1, '2020-03-28', 1),
('NV076', N'Phạm Thị YYY', N'NV', 'nv.yyy@example.com', '1993-04-25', N'Số 76, Đường YYY, Sóc Trăng', 0, '2021-04-04', 1),
('NV077', N'Hoàng Văn ZZZ', N'QL', 'nv.zzz@example.com', '1994-05-30', N'Số 77, Đường ZZZ, Bạc Liêu', 1, '2022-05-16', 1),
('NV078', N'Đỗ Thị AAAA', N'NV', 'nv.aaaa@example.com', '1996-06-04', N'Số 78, Đường AAAA, Cà Mau', 0, '2023-06-22', 1),
('NV079', N'Vũ Văn BBBB', N'QL', 'nv.bbbb@example.com', '1989-07-09', N'Số 79, Đường BBBB, Bình Dương', 1, '2018-07-28', 1),
('NV080', N'Bùi Thị CCCC', N'NV', 'nv.cccc@example.com', '1997-08-14', N'Số 80, Đường CCCC, Đồng Nai', 0, '2019-08-08', 1),
('NV081', N'Đặng Văn DDDD', N'QL', 'nv.dddd@example.com', '1990-09-19', N'Số 81, Đường DDDD, Bình Thuận', 1, '2020-09-09', 1),
('NV082', N'Nguyễn Thị EEEE', N'NV', 'nv.eeee@example.com', '1992-10-24', N'Số 82, Đường EEEE, Lâm Đồng', 0, '2021-10-22', 1),
('NV083', N'Trần Văn FFFF', N'QL', 'nv.ffff@example.com', '1995-11-29', N'Số 83, Đường FFFF, Đắk Lắk', 1, '2022-11-03', 1),
('NV084', N'Lê Thị GGGG', N'NV', 'nv.gggg@example.com', '1988-12-04', N'Số 84, Đường GGGG, Nha Trang', 0, '2023-12-19', 1),
('NV085', N'Phạm Văn HHHH', N'QL', 'nv.hhhh@example.com', '1991-01-09', N'Số 85, Đường HHHH, Đà Nẵng', 1, '2018-01-08', 1),
('NV086', N'Hoàng Thị IIII', N'NV', 'nv.iiii@example.com', '1993-02-14', N'Số 86, Đường IIII, Huế', 0, '2019-02-22', 1),
('NV087', N'Đỗ Văn JJJJ', N'QL', 'nv.jjjj@example.com', '1994-03-19', N'Số 87, Đường JJJJ, Hải Phòng', 1, '2020-03-12', 1),
('NV088', N'Vũ Thị KKKK', N'NV', 'nv.kkkk@example.com', '1996-04-24', N'Số 88, Đường KKKK, Hà Nội', 0, '2021-04-09', 1),
('NV089', N'Bùi Văn LLLL', N'QL', 'nv.llll@example.com', '1989-05-29', N'Số 89, Đường LLLL, TP.HCM', 1, '2022-05-25', 1),
('NV090', N'Đặng Thị MMMM', N'NV', 'nv.mmmm@example.com', '1997-06-03', N'Số 90, Đường MMMM, Bà Rịa - Vũng Tàu', 0, '2023-06-17', 1),
('NV091', N'Nguyễn Văn NNNN', N'QL', 'nv.nnnn@example.com', '1990-07-08', N'Số 91, Đường NNNN, Biên Hòa', 1, '2018-07-03', 1),
('NV092', N'Trần Thị OOOO', N'NV', 'nv.oooo@example.com', '1992-08-13', N'Số 92, Đường OOOO, Vĩnh Phúc', 0, '2019-08-11', 1),
('NV093', N'Lê Văn PPPP', N'QL', 'nv.pppp@example.com', '1995-09-18', N'Số 93, Đường PPPP, Bắc Ninh', 1, '2020-09-21', 1),
('NV094', N'Phạm Thị QQQQ', N'NV', 'nv.qqqq@example.com', '1988-10-23', N'Số 94, Đường QQQQ, Bắc Giang', 0, '2021-10-02', 1),
('NV095', N'Hoàng Văn RRRR', N'QL', 'nv.rrrr@example.com', '1991-11-28', N'Số 95, Đường RRRR, Thái Nguyên', 1, '2022-11-14', 1),
('NV096', N'Đỗ Thị SSSS', N'NV', 'nv.ssss@example.com', '1993-12-03', N'Số 96, Đường SSSS, Phú Thọ', 0, '2023-12-28', 1),
('NV097', N'Vũ Văn TTTT', N'QL', 'nv.tttt@example.com', '1994-01-08', N'Số 97, Đường TTTT, Lạng Sơn', 1, '2018-01-03', 1),
('NV098', N'Bùi Thị UUUU', N'NV', 'nv.uuuu@example.com', '1996-02-13', N'Số 98, Đường UUUU, Cao Bằng', 0, '2019-02-12', 1),
('NV099', N'Đặng Văn VVVV', N'QL', 'nv.vvvv@example.com', '1989-03-18', N'Số 99, Đường VVVV, Hà Giang', 1, '2020-03-02', 1),
('NV100', N'Nguyễn Thị WWWW', N'NV', 'nv.wwww@example.com', '1997-04-23', N'Số 100, Đường WWWW, Tuyên Quang', 0, '2021-04-11', 1);

INSERT INTO [dbo].[TaiKhoan] (maTaiKhoan, tenTaiKhoan, matKhau, ngayDangNhap, ngayDangXuat, ngaySuaDoi, maNV)
VALUES 
-- 20 Tài khoản Quản lý (QLxxxx)
('TK001', 'QL0001', '111111', '2024-01-01', '2024-01-02', '2024-05-10', 'NV001'),
('TK002', 'QL0002', 'ql_pass02', '2024-01-05', '2024-01-06', '2024-05-15', 'NV003'),
('TK003', 'QL0003', 'ql_pass03', '2024-01-10', '2024-01-11', '2024-05-20', 'NV005'),
('TK004', 'QL0004', 'ql_pass04', '2024-01-15', '2024-01-16', '2024-05-25', 'NV007'),
('TK005', 'QL0005', 'ql_pass05', '2024-01-20', '2024-01-21', '2024-05-30', 'NV009'),
('TK006', 'QL0006', 'ql_pass06', '2024-01-25', '2024-01-26', '2024-06-04', 'NV011'),
('TK007', 'QL0007', 'ql_pass07', '2024-02-01', '2024-02-02', '2024-06-09', 'NV013'),
('TK008', 'QL0008', 'ql_pass08', '2024-02-06', '2024-02-07', '2024-06-14', 'NV015'),
('TK009', 'QL0009', 'ql_pass09', '2024-02-11', '2024-02-12', '2024-06-19', 'NV017'),
('TK010', 'QL0010', 'ql_pass10', '2024-02-16', '2024-02-17', '2024-06-24', 'NV019'),
('TK011', 'QL0011', 'ql_pass11', '2024-02-21', '2024-02-22', '2024-06-29', 'NV021'),
('TK012', 'QL0012', 'ql_pass12', '2024-02-26', '2024-02-27', '2024-07-04', 'NV023'),
('TK013', 'QL0013', 'ql_pass13', '2024-03-03', '2024-03-04', '2024-07-09', 'NV025'),
('TK014', 'QL0014', 'ql_pass14', '2024-03-08', '2024-03-09', '2024-07-14', 'NV027'),
('TK015', 'QL0015', 'ql_pass15', '2024-03-13', '2024-03-14', '2024-07-19', 'NV029'),
('TK016', 'QL0016', 'ql_pass16', '2024-03-18', '2024-03-19', '2024-07-24', 'NV031'),
('TK017', 'QL0017', 'ql_pass17', '2024-03-23', '2024-03-24', '2024-07-29', 'NV033'),
('TK018', 'QL0018', 'ql_pass18', '2024-03-28', '2024-03-29', '2024-08-03', 'NV035'),
('TK019', 'QL0019', 'ql_pass19', '2024-04-02', '2024-04-03', '2024-08-08', 'NV037'),
('TK020', 'QL0020', 'ql_pass20', '2024-04-07', '2024-04-08', '2024-08-13', 'NV039'),

-- 30 Tài khoản Nhân viên (NVxxxx)
('TK021', 'NV0021', '111111', '2023-10-01', '2023-10-02', '2024-05-05', 'NV002'),
('TK022', 'NV0022', 'nv_pass22', '2023-10-05', '2023-10-06', '2024-05-10', 'NV004'),
('TK023', 'NV0023', 'nv_pass23', '2023-10-10', '2023-10-11', '2024-05-15', 'NV006'),
('TK024', 'NV0024', 'nv_pass24', '2023-10-15', '2023-10-16', '2024-05-20', 'NV008'),
('TK025', 'NV0025', 'nv_pass25', '2023-10-20', '2023-10-21', '2024-05-25', 'NV010'),
('TK026', 'NV0026', 'nv_pass26', '2023-10-25', '2023-10-26', '2024-05-30', 'NV012'),
('TK027', 'NV0027', 'nv_pass27', '2023-11-01', '2023-11-02', '2024-06-04', 'NV014'),
('TK028', 'NV0028', 'nv_pass28', '2023-11-06', '2023-11-07', '2024-06-09', 'NV016'),
('TK029', 'NV0029', 'nv_pass29', '2023-11-11', '2023-11-12', '2024-06-14', 'NV018'),
('TK030', 'NV0030', 'nv_pass30', '2023-11-16', '2023-11-17', '2024-06-19', 'NV020'),
('TK031', 'NV0031', 'nv_pass31', '2023-11-21', '2023-11-22', '2024-06-24', 'NV022'),
('TK032', 'NV0032', 'nv_pass32', '2023-11-26', '2023-11-27', '2024-06-29', 'NV024'),
('TK033', 'NV0033', 'nv_pass33', '2023-12-01', '2023-12-02', '2024-07-04', 'NV026'),
('TK034', 'NV0034', 'nv_pass34', '2023-12-06', '2023-12-07', '2024-07-09', 'NV028'),
('TK035', 'NV0035', 'nv_pass35', '2023-12-11', '2023-12-12', '2024-07-14', 'NV030'),
('TK036', 'NV0036', 'nv_pass36', '2023-12-16', '2023-12-17', '2024-07-19', 'NV032'),
('TK037', 'NV0037', 'nv_pass37', '2023-12-21', '2023-12-22', '2024-07-24', 'NV034'),
('TK038', 'NV0038', 'nv_pass38', '2023-12-26', '2023-12-27', '2024-07-29', 'NV036'),
('TK039', 'NV0039', 'nv_pass39', '2024-01-03', '2024-01-04', '2024-08-03', 'NV038'),
('TK040', 'NV0040', 'nv_pass40', '2024-01-08', '2024-01-09', '2024-08-08', 'NV040'),
('TK041', 'NV0041', 'nv_pass41', '2024-01-13', '2024-01-14', '2024-08-13', 'NV042'),
('TK042', 'NV0042', 'nv_pass42', '2024-01-18', '2024-01-19', '2024-08-18', 'NV044'),
('TK043', 'NV0043', 'nv_pass43', '2024-01-23', '2024-01-24', '2024-08-23', 'NV046'),
('TK044', 'NV0044', 'nv_pass44', '2024-01-28', '2024-01-29', '2024-08-28', 'NV048'),
('TK045', 'NV0045', 'nv_pass45', '2024-02-04', '2024-02-05', '2024-09-02', 'NV050'),
('TK046', 'NV0046', 'nv_pass46', '2024-02-09', '2024-02-10', '2024-09-07', 'NV052'),
('TK047', 'NV0047', 'nv_pass47', '2024-02-14', '2024-02-15', '2024-09-12', 'NV054'),
('TK048', 'NV0048', 'nv_pass48', '2024-02-19', '2024-02-20', '2024-09-17', 'NV056'),
('TK049', 'NV0049', 'nv_pass49', '2024-02-24', '2024-02-25', '2024-09-22', 'NV058'),
('TK050', 'NV0050', 'nv_pass50', '2024-02-29', '2024-03-01', '2024-09-27', 'NV060');

INSERT INTO HangKhachHang (maHang, diemHang, giamGia, moTa, tenHang)
VALUES
('H1', 10, 5, N'Giảm 5%', N'Hạng Đồng'),
('H2', 100, 7, N'Giảm 7%', N'Hạng Bạc'),
('H3', 300, 9, N'Giảm 9%', N'Hạng Vàng'),
('H4', 600, 11, N'Giảm 11%', N'Hạng Kim Cương');

INSERT INTO KhachHang (maKH, tenKH, sdt, email, diaChi, diemTichLuy, maHang)
VALUES
('KH0001', N'Lâm Thành Đạt', '0901000001', 'thanhdatfptshop123@email.com', N'123 Lê Lợi, Quận 1, TP.HCM', 1250, 'H4'),
('KH0002', N'Nguyễn Thị Thu Thảo', '0901000002', 'tn364471@gmail.com', N'45 Nguyễn Huệ, Quận 1, TP.HCM', 980, 'H4'),
('KH0003', N'Nguyễn Gia An', '0901000003', 'nguyengiaan3787@gmail.com', N'67 Lý Thường Kiệt, Quận 10, TP.HCM', 320, 'H3'),
('KH0004', N'Nguyễn Tuấn Anh ', '0901000004', 'nguyentuananh20052005@gmail.com', N'89 Pasteur, Quận 3, TP.HCM', 150, 'H2');

--Chèn dữ liệu cho loaiBan
INSERT INTO [dbo].[LoaiBan] (maLoaiBan, tenLoaiBan, soLuong) VALUES
('LB01', N'Bàn nhỏ', 10),
('LB02', N'Bàn thường', 15),
('LB03', N'Bàn lớn', 20);

-- Thêm dữ liệu cho Ban
INSERT INTO [dbo].[Ban] (maBan, viTri, trangThai, maLoaiBan) VALUES
('B01', N'Khu A', N'Trống', 'LB01'),
('B02', N'Khu A', N'Trống', 'LB01'),
('B03', N'Khu B', N'Trống', 'LB02'),
('B04', N'Khu B', N'Trống', 'LB02'),
('B05', N'Khu C', N'Trống', 'LB03'),
('B06', N'Khu C', N'Trống', 'LB03'),
('B07', N'Khu B', N'Trống', 'LB02'),
('B08', N'Khu A', N'Trống', 'LB01'),
('B09', N'Khu C', N'Trống', 'LB03'),
('B10', N'Khu B', N'Trống', 'LB02');

INSERT INTO Coc (maCoc, loaiCoc, phanTramCoc, soTienCoc) VALUES
    ('C001', 1, 10, 100000),
    ('C002', 0, 20, 200000),
    ('C003', 1, 15, 150000),
    ('C004', 0, 25, 250000),
    ('C005', 1, 5, 50000),
    ('C006', 0, 30, 300000),
    ('C007', 1, 10, 100000),
    ('C008', 0, 20, 200000),
    ('C009', 1, 15, 150000),
    ('C010', 0, 25, 250000);

INSERT INTO KhuyenMai (maKM, tenKM, loaiKM, sanPhamKM, ngayBatDau, ngayKetThuc, phanTramGiamGia)
VALUES
('KM001', N'Ưu đãi VIP tháng 11', N'Ưu đãi cho khách hàng Kim Cương', N'Tất cả', '2025-11-01', '2025-11-30', 20),
('KM002', N'Giảm 10% tổng hóa đơn cuối tuần', N'Khuyến mãi trên tổng hóa đơn', N'Tất cả', '2025-11-07', '2025-11-08', 10),

INSERT INTO DonDatBan (maDatBan, ngayGio, soLuong, maBan, gioBatDau, trangThai) VALUES
('DB001', DEFAULT, 4, 'B01', '18:00:00', N'Chưa thanh toán'),
('DB002', DEFAULT, 2, 'B02', '19:00:00', N'Chưa thanh toán'),
('DB003', DEFAULT, 6, 'B03', '20:00:00', N'Chưa thanh toán'),
('DB004', DEFAULT, 6, 'B04', '21:00:00', N'Chưa thanh toán');

INSERT INTO HoaDon (maHD, ngayLap, tongTien, thue, trangThai, kieuThanhToan, tienNhan, tienThua, maKH, maKM, maNV, maDatBan, maCoc) VALUES
('HD001', '2025-08-01', 1000000, 100000, 'Đã thanh toán', 'Tiền mặt', 1200000, 200000, 'KH0001', 'KM001', 'NV001', 'DB001', 'C001'),
('HD002', '2025-08-02', 1500000, 150000, 'Chưa thanh toán', 'Thẻ tín dụng', 0, 0, 'KH0002', 'KM001', 'NV002', 'DB002', 'C002'),
('HD003', '2025-08-03', 2000000, 200000, 'Đã thanh toán', 'Chuyển khoản', 2200000, 200000, 'KH0003', 'KM002', 'NV003', 'DB003', 'C003'),
('HD004', '2025-09-01', 1200000, 120000, 'Đã thanh toán', 'Tiền mặt', 1300000, 80000, 'KH0004', 'KM002', 'NV004', 'DB004', 'C004');

INSERT INTO MonAn (maMon, tenMon, donGia, duongDanAnh, loaiMon) VALUES
('M001', N'Bún Quậy', 45000, 'D:\\img\\bunquay.jpg', N'Bún'), 
('M002', N'Cút Lộn', 38000, 'D:\\img\\cutlon.jpg', N'Đồ ăn'),
('M003', N'Gỏi Cuốn', 150000, 'D:\\img\\goicuon.jpg', N'Đồ ăn'),
('M004', N'Mì Quảng', 28000, 'D:\\img\\miquang.jpg', N'Mì');